2.000000000000000042e-02 2.000000000000000111e-01 -5.566352510313030422e+01 4.265410041252121864e+00
2.000000000000000042e-02 2.000000000000000111e-01 -6.199041822241181876e+01 6.796167288964726438e+00
2.000000000000000042e-02 2.000000000000000111e-01 -5.538951212163243554e+01 4.155804848652974393e+00
2.000000000000000042e-02 2.000000000000000111e-01 -6.396436945546446395e+01 7.585747782185787713e+00
2.000000000000000042e-02 2.000000000000000111e-01 -6.197982393042326521e+01 6.791929572169305374e+00
2.000000000000000042e-02 2.000000000000000111e-01 -6.006192043143674653e+01 6.024768172574697545e+00
2.000000000000000042e-02 2.000000000000000111e-01 -6.471943127219557823e+01 7.887772508878232003e+00
1.000000000000000056e-01 2.000000000000000111e-01 -6.500000000000000000e+01 2.000000000000000000e+00
1.000000000000000056e-01 2.000000000000000111e-01 -6.500000000000000000e+01 2.000000000000000000e+00
2.000000000000000042e-02 2.000000000000000111e-01 -5.717354321429501596e+01 4.869417285718005139e+00
2.000000000000000042e-02 2.000000000000000111e-01 -5.512451322223562045e+01 4.049805288894246402e+00
2.000000000000000042e-02 2.000000000000000111e-01 -5.517241655720071236e+01 4.068966622880283879e+00
2.000000000000000042e-02 2.000000000000000111e-01 -5.503030916845472120e+01 4.012123667381889192e+00
2.000000000000000042e-02 2.000000000000000111e-01 -5.525593275958821948e+01 4.102373103835288859e+00
1.000000000000000056e-01 2.000000000000000111e-01 -6.500000000000000000e+01 2.000000000000000000e+00
2.000000000000000389e-02 2.500000000000000000e-01 -6.500000000000000000e+01 2.000000000000000000e+00
2.000000000000000042e-02 2.000000000000000111e-01 -5.500847792200142550e+01 4.003391168800571442e+00
2.000000000000000042e-02 2.000000000000000111e-01 -5.752764353541466846e+01 5.011057414165867030e+00
2.000000000000000389e-02 2.500000000000000000e-01 -6.500000000000000000e+01 2.000000000000000000e+00
2.000000000000000042e-02 2.000000000000000111e-01 -6.035422611208321086e+01 6.141690444833285412e+00
2.000000000000000042e-02 2.000000000000000111e-01 -5.762442382549691189e+01 5.049769530198764400e+00
2.000000000000000042e-02 2.000000000000000111e-01 -5.674444110142168540e+01 4.697776440568674161e+00
2.000000000000000042e-02 2.000000000000000111e-01 -6.195616953241415104e+01 6.782467812965661480e+00
2.000000000000000042e-02 2.000000000000000111e-01 -5.553328302520375814e+01 4.213313210081502724e+00
1.000000000000000056e-01 2.000000000000000111e-01 -6.500000000000000000e+01 2.000000000000000000e+00
1.000000000000000056e-01 2.000000000000000111e-01 -6.500000000000000000e+01 2.000000000000000000e+00
2.000000000000000042e-02 2.000000000000000111e-01 -5.660163701249727808e+01 4.640654804998909810e+00
2.000000000000000042e-02 2.000000000000000111e-01 -6.286469392665128453e+01 7.145877570660513101e+00
1.000000000000000056e-01 2.000000000000000111e-01 -6.500000000000000000e+01 2.000000000000000000e+00
2.000000000000000042e-02 2.000000000000000111e-01 -6.075137173181866501e+01 6.300548692727467426e+00
2.000000000000000042e-02 2.000000000000000111e-01 -5.681389512696800637e+01 4.725558050787202369e+00
2.000000000000000042e-02 2.000000000000000111e-01 -5.548259679614753281e+01 4.193038718459012770e+00
1.000000000000000056e-01 2.000000000000000111e-01 -6.500000000000000000e+01 2.000000000000000000e+00
2.000000000000000042e-02 2.000000000000000111e-01 -6.002922860422668094e+01 6.011691441690673265e+00
2.000000000000000042e-02 2.000000000000000111e-01 -5.999924850268426013e+01 5.999699401073704585e+00
2.000000000000000042e-02 2.000000000000000111e-01 -5.500752116289493898e+01 4.003008465157974705e+00
2.000000000000000042e-02 2.000000000000000111e-01 -6.396612797056545219e+01 7.586451188226179809e+00
2.000000000000000042e-02 2.000000000000000111e-01 -5.983925683051646160e+01 5.935702732206586063e+00
2.000000000000000042e-02 2.000000000000000111e-01 -5.614178217046521269e+01 4.456712868186084364e+00
2.000000000000000042e-02 2.000000000000000111e-01 -6.342970998570442021e+01 7.371883994281769326e+00
2.000000000000000389e-02 2.500000000000000000e-01 -6.500000000000000000e+01 2.000000000000000000e+00
2.000000000000000389e-02 2.500000000000000000e-01 -6.500000000000000000e+01 2.000000000000000000e+00
1.000000000000000056e-01 2.000000000000000111e-01 -6.500000000000000000e+01 2.000000000000000000e+00
2.000000000000000042e-02 2.000000000000000111e-01 -6.086247614162180497e+01 6.344990456648723409e+00
2.000000000000000042e-02 2.000000000000000111e-01 -5.643153786716693787e+01 4.572615146866773728e+00
2.000000000000000042e-02 2.000000000000000111e-01 -5.721693719526802369e+01 4.886774878107208231e+00
2.000000000000000042e-02 2.000000000000000111e-01 -5.536580193471702671e+01 4.146320773886811750e+00
2.000000000000000042e-02 2.000000000000000111e-01 -5.784379038602713052e+01 5.137516154410853630e+00
2.000000000000000042e-02 2.000000000000000111e-01 -6.084135025245828388e+01 6.336540100983313550e+00
1.000000000000000056e-01 2.000000000000000111e-01 -6.500000000000000000e+01 2.000000000000000000e+00
2.000000000000000042e-02 2.000000000000000111e-01 -5.762070820720504116e+01 5.048283282882017886e+00
2.000000000000000042e-02 2.000000000000000111e-01 -5.963293941742942650e+01 5.853175766971769889e+00
2.000000000000000042e-02 2.000000000000000111e-01 -5.508244341268446931e+01 4.032977365073788789e+00
2.000000000000000042e-02 2.000000000000000111e-01 -6.336028738873588395e+01 7.344114955494353225e+00
2.000000000000000042e-02 2.000000000000000111e-01 -6.365356913005186357e+01 7.461427652020743650e+00
2.000000000000000389e-02 2.500000000000000000e-01 -6.500000000000000000e+01 2.000000000000000000e+00
2.000000000000000042e-02 2.000000000000000111e-01 -5.762161061817822372e+01 5.048644247271289132e+00
2.000000000000000042e-02 2.000000000000000111e-01 -5.676491937351656247e+01 4.705967749406625877e+00
2.000000000000000042e-02 2.000000000000000111e-01 -6.165415716745965113e+01 6.661662866983860454e+00
2.000000000000000042e-02 2.000000000000000111e-01 -5.590279797103863046e+01 4.361119188415450765e+00
2.000000000000000042e-02 2.000000000000000111e-01 -5.580934140277841493e+01 4.323736561111365617e+00
1.000000000000000056e-01 2.000000000000000111e-01 -6.500000000000000000e+01 2.000000000000000000e+00
2.000000000000000042e-02 2.000000000000000111e-01 -5.569149612486560841e+01 4.276598449946241942e+00
2.000000000000000042e-02 2.000000000000000111e-01 -5.818190921394952397e+01 5.272763685579809234e+00
2.000000000000000042e-02 2.000000000000000111e-01 -5.503333063239270473e+01 4.013332252957082069e+00
2.000000000000000042e-02 2.000000000000000111e-01 -5.818981765482246260e+01 5.275927061928985751e+00
2.000000000000000042e-02 2.000000000000000111e-01 -6.013808431939316534e+01 6.055233727757267204e+00
2.000000000000000042e-02 2.000000000000000111e-01 -6.176734032228011273e+01 6.706936128912046158e+00
2.000000000000000042e-02 2.000000000000000111e-01 -6.445662205722371141e+01 7.782648822889481899e+00
2.000000000000000042e-02 2.000000000000000111e-01 -5.640276116887259406e+01 4.561104467549037977e+00
1.000000000000000056e-01 2.000000000000000111e-01 -6.500000000000000000e+01 2.000000000000000000e+00
2.000000000000000042e-02 2.000000000000000111e-01 -6.417153347939533603e+01 7.668613391758135833e+00
2.000000000000000042e-02 2.000000000000000111e-01 -5.798528841540026946e+01 5.194115366160107605e+00
2.000000000000000042e-02 2.000000000000000111e-01 -5.738660835580761699e+01 4.954643342323046262e+00
2.000000000000000042e-02 2.000000000000000111e-01 -6.017001678505797457e+01 6.068006714023191250e+00
2.000000000000000042e-02 2.000000000000000111e-01 -5.704200885515459163e+01 4.816803542061835586e+00
2.000000000000000389e-02 2.500000000000000000e-01 -6.500000000000000000e+01 2.000000000000000000e+00
2.000000000000000042e-02 2.000000000000000111e-01 -5.861558536601048530e+01 5.446234146404193233e+00
2.000000000000000042e-02 2.000000000000000111e-01 -6.402141322195518569e+01 7.608565288782074276e+00
2.000000000000000042e-02 2.000000000000000111e-01 -6.064913046626136861e+01 6.259652186504546023e+00
2.000000000000000389e-02 2.500000000000000000e-01 -6.500000000000000000e+01 2.000000000000000000e+00
2.000000000000000389e-02 2.500000000000000000e-01 -6.500000000000000000e+01 2.000000000000000000e+00
2.000000000000000042e-02 2.000000000000000111e-01 -5.504959631148348365e+01 4.019838524593393636e+00
2.000000000000000042e-02 2.000000000000000111e-01 -5.547220434538218825e+01 4.188881738152874235e+00
2.000000000000000042e-02 2.000000000000000111e-01 -6.493270585693460362e+01 7.973082342773843756e+00
2.000000000000000389e-02 2.500000000000000000e-01 -6.500000000000000000e+01 2.000000000000000000e+00
1.000000000000000056e-01 2.000000000000000111e-01 -6.500000000000000000e+01 2.000000000000000000e+00
2.000000000000000042e-02 2.000000000000000111e-01 -5.545465522269694247e+01 4.181862089078776101e+00
2.000000000000000042e-02 2.000000000000000111e-01 -5.976617924885530897e+01 5.906471699542125364e+00
2.000000000000000042e-02 2.000000000000000111e-01 -5.854028198180367326e+01 5.416112792721469837e+00
1.000000000000000056e-01 2.000000000000000111e-01 -6.500000000000000000e+01 2.000000000000000000e+00
1.000000000000000056e-01 2.000000000000000111e-01 -6.500000000000000000e+01 2.000000000000000000e+00
2.000000000000000042e-02 2.000000000000000111e-01 -5.536612445112839964e+01 4.146449780451360922e+00
1.000000000000000056e-01 2.000000000000000111e-01 -6.500000000000000000e+01 2.000000000000000000e+00
2.000000000000000042e-02 2.000000000000000111e-01 -5.973912150152540335e+01 5.895648600610160273e+00
1.000000000000000056e-01 2.000000000000000111e-01 -6.500000000000000000e+01 2.000000000000000000e+00
2.000000000000000042e-02 2.000000000000000111e-01 -6.373066745665250465e+01 7.492266982661002217e+00
1.000000000000000056e-01 2.000000000000000111e-01 -6.500000000000000000e+01 2.000000000000000000e+00
2.000000000000000042e-02 2.000000000000000111e-01 -5.584144604443970650e+01 4.336578417775884375e+00
2.000000000000000389e-02 2.500000000000000000e-01 -6.500000000000000000e+01 2.000000000000000000e+00
2.000000000000000042e-02 2.000000000000000111e-01 -6.411133031274863470e+01 7.644532125099456010e+00
2.000000000000000042e-02 2.000000000000000111e-01 -5.803849150040509386e+01 5.215396600162037544e+00
2.000000000000000042e-02 2.000000000000000111e-01 -6.311836857988124194e+01 7.247347431952497310e+00
2.000000000000000042e-02 2.000000000000000111e-01 -5.539394373740890387e+01 4.157577494963560660e+00
2.000000000000000042e-02 2.000000000000000111e-01 -5.514550203469711676e+01 4.058200813878846347e+00
2.000000000000000042e-02 2.000000000000000111e-01 -5.648346783372360136e+01 4.593387133489441609e+00
1.000000000000000056e-01 2.000000000000000111e-01 -6.500000000000000000e+01 2.000000000000000000e+00
1.000000000000000056e-01 2.000000000000000111e-01 -6.500000000000000000e+01 2.000000000000000000e+00
2.000000000000000042e-02 2.000000000000000111e-01 -5.506212000646104343e+01 4.024848002584415774e+00
2.000000000000000042e-02 2.000000000000000111e-01 -5.790770994896197266e+01 5.163083979584789596e+00
2.000000000000000042e-02 2.000000000000000111e-01 -5.922992091147139604e+01 5.691968364588557705e+00
2.000000000000000042e-02 2.000000000000000111e-01 -5.819890969225103561e+01 5.279563876900414954e+00
2.000000000000000042e-02 2.000000000000000111e-01 -5.537227992386784337e+01 4.148911969547138590e+00
2.000000000000000042e-02 2.000000000000000111e-01 -5.516512097565561845e+01 4.066048390262248624e+00
2.000000000000000042e-02 2.000000000000000111e-01 -5.817951233752879858e+01 5.271804935011519255e+00
2.000000000000000389e-02 2.500000000000000000e-01 -6.500000000000000000e+01 2.000000000000000000e+00
2.000000000000000042e-02 2.000000000000000111e-01 -6.351141015293130465e+01 7.404564061172520972e+00
2.000000000000000042e-02 2.000000000000000111e-01 -5.589718408382889692e+01 4.358873633531558767e+00
2.000000000000000042e-02 2.000000000000000111e-01 -5.658449673645336020e+01 4.633798694581343192e+00
2.000000000000000042e-02 2.000000000000000111e-01 -6.468955301279065395e+01 7.875821205116262824e+00
2.000000000000000042e-02 2.000000000000000111e-01 -5.500380997682880491e+01 4.001523990731520541e+00
2.000000000000000042e-02 2.000000000000000111e-01 -6.366185110831452221e+01 7.464740443325807107e+00
1.000000000000000056e-01 2.000000000000000111e-01 -6.500000000000000000e+01 2.000000000000000000e+00
2.000000000000000042e-02 2.000000000000000111e-01 -5.532316125539907148e+01 4.129264502159627703e+00
2.000000000000000042e-02 2.000000000000000111e-01 -6.053158170505553670e+01 6.212632682022213970e+00
2.000000000000000042e-02 2.000000000000000111e-01 -5.639202653630104578e+01 4.556810614520419911e+00
2.000000000000000042e-02 2.000000000000000111e-01 -5.593980808020396012e+01 4.375923232081583514e+00
2.000000000000000042e-02 2.000000000000000111e-01 -6.379450261654059062e+01 7.517801046616236604e+00
2.000000000000000042e-02 2.000000000000000111e-01 -6.441855331174728860e+01 7.767421324698913665e+00
2.000000000000000042e-02 2.000000000000000111e-01 -5.526535270671531208e+01 4.106141082686124655e+00
2.000000000000000042e-02 2.000000000000000111e-01 -5.977625728558746943e+01 5.910502914234987415e+00
1.000000000000000056e-01 2.000000000000000111e-01 -6.500000000000000000e+01 2.000000000000000000e+00
2.000000000000000042e-02 2.000000000000000111e-01 -6.119259137281697036e+01 6.477036549126787612e+00
2.000000000000000042e-02 2.000000000000000111e-01 -5.628671231323366442e+01 4.514684925293465767e+00
1.000000000000000056e-01 2.000000000000000111e-01 -6.500000000000000000e+01 2.000000000000000000e+00
1.000000000000000056e-01 2.000000000000000111e-01 -6.500000000000000000e+01 2.000000000000000000e+00
2.000000000000000042e-02 2.000000000000000111e-01 -5.500980752497201109e+01 4.003923009988803017e+00
2.000000000000000042e-02 2.000000000000000111e-01 -5.827480421936442667e+01 5.309921687745770669e+00
1.000000000000000056e-01 2.000000000000000111e-01 -6.500000000000000000e+01 2.000000000000000000e+00
1.000000000000000056e-01 2.000000000000000111e-01 -6.500000000000000000e+01 2.000000000000000000e+00
2.000000000000000042e-02 2.000000000000000111e-01 -6.106690435290657604e+01 6.426761741162629882e+00
2.000000000000000042e-02 2.000000000000000111e-01 -6.297627718427285259e+01 7.190510873709142103e+00
2.000000000000000042e-02 2.000000000000000111e-01 -5.994691561753882780e+01 5.978766247015530944e+00
2.000000000000000042e-02 2.000000000000000111e-01 -5.863916197493728077e+01 5.455664789974912665e+00
1.000000000000000056e-01 2.000000000000000111e-01 -6.500000000000000000e+01 2.000000000000000000e+00
2.000000000000000389e-02 2.500000000000000000e-01 -6.500000000000000000e+01 2.000000000000000000e+00
2.000000000000000042e-02 2.000000000000000111e-01 -5.751058247282068692e+01 5.004232989128273523e+00
2.000000000000000042e-02 2.000000000000000111e-01 -6.289891322422701592e+01 7.159565289690805301e+00
2.000000000000000042e-02 2.000000000000000111e-01 -5.657861046971576968e+01 4.631444187886306629e+00
2.000000000000000042e-02 2.000000000000000111e-01 -5.551335576368683888e+01 4.205342305474735198e+00
1.000000000000000056e-01 2.000000000000000111e-01 -6.500000000000000000e+01 2.000000000000000000e+00
2.000000000000000042e-02 2.000000000000000111e-01 -5.716627911741377233e+01 4.866511646965509641e+00
2.000000000000000389e-02 2.500000000000000000e-01 -6.500000000000000000e+01 2.000000000000000000e+00
1.000000000000000056e-01 2.000000000000000111e-01 -6.500000000000000000e+01 2.000000000000000000e+00
2.000000000000000042e-02 2.000000000000000111e-01 -6.115959814999669675e+01 6.463839259998676923e+00
2.000000000000000042e-02 2.000000000000000111e-01 -5.884159896875961948e+01 5.536639587503849214e+00
2.000000000000000042e-02 2.000000000000000111e-01 -6.057723664328904789e+01 6.230894657315619867e+00
2.000000000000000042e-02 2.000000000000000111e-01 -5.859329265320207014e+01 5.437317061280827701e+00
2.000000000000000042e-02 2.000000000000000111e-01 -5.516023437335221047e+01 4.064093749340884187e+00
2.000000000000000042e-02 2.000000000000000111e-01 -6.118882657255123547e+01 6.475530629020494366e+00
2.000000000000000042e-02 2.000000000000000111e-01 -6.090636636570604878e+01 6.362546546282418447e+00
2.000000000000000042e-02 2.000000000000000111e-01 -6.339698112988134682e+01 7.358792451952538727e+00
2.000000000000000042e-02 2.000000000000000111e-01 -6.298725063465457197e+01 7.194900253861828965e+00
2.000000000000000042e-02 2.000000000000000111e-01 -6.315653456143247269e+01 7.262613824572989429e+00
2.000000000000000042e-02 2.000000000000000111e-01 -5.500015631974275720e+01 4.000062527897101816e+00
2.000000000000000042e-02 2.000000000000000111e-01 -5.555109420134535014e+01 4.220437680538140057e+00
2.000000000000000389e-02 2.500000000000000000e-01 -6.500000000000000000e+01 2.000000000000000000e+00
2.000000000000000042e-02 2.000000000000000111e-01 -5.513357119943940177e+01 4.053428479775760707e+00
2.000000000000000042e-02 2.000000000000000111e-01 -6.212596714222870276e+01 6.850386856891480747e+00
1.000000000000000056e-01 2.000000000000000111e-01 -6.500000000000000000e+01 2.000000000000000000e+00
2.000000000000000042e-02 2.000000000000000111e-01 -5.557306346973466304e+01 4.229225387893864152e+00
2.000000000000000042e-02 2.000000000000000111e-01 -5.892298553986621812e+01 5.569194215946486892e+00
2.000000000000000042e-02 2.000000000000000111e-01 -5.640937044482578244e+01 4.563748177930312622e+00
1.000000000000000056e-01 2.000000000000000111e-01 -6.500000000000000000e+01 2.000000000000000000e+00
1.000000000000000056e-01 2.000000000000000111e-01 -6.500000000000000000e+01 2.000000000000000000e+00
1.000000000000000056e-01 2.000000000000000111e-01 -6.500000000000000000e+01 2.000000000000000000e+00
2.000000000000000042e-02 2.000000000000000111e-01 -5.546940066102182954e+01 4.187760264408731281e+00
2.000000000000000042e-02 2.000000000000000111e-01 -5.927881232805808764e+01 5.711524931223235235e+00
1.000000000000000056e-01 2.000000000000000111e-01 -6.500000000000000000e+01 2.000000000000000000e+00
1.000000000000000056e-01 2.000000000000000111e-01 -6.500000000000000000e+01 2.000000000000000000e+00
2.000000000000000042e-02 2.000000000000000111e-01 -5.709236258085599758e+01 4.836945032342398143e+00
2.000000000000000389e-02 2.500000000000000000e-01 -6.500000000000000000e+01 2.000000000000000000e+00
1.000000000000000056e-01 2.000000000000000111e-01 -6.500000000000000000e+01 2.000000000000000000e+00
2.000000000000000042e-02 2.000000000000000111e-01 -6.214244603671311040e+01 6.856978414685244161e+00
2.000000000000000042e-02 2.000000000000000111e-01 -5.558503539863755805e+01 4.234014159455021797e+00
2.000000000000000042e-02 2.000000000000000111e-01 -6.413970860359009407e+01 7.655883441436036385e+00
2.000000000000000042e-02 2.000000000000000111e-01 -5.521617778817081046e+01 4.086471115268324183e+00
2.000000000000000042e-02 2.000000000000000111e-01 -6.252899083600363639e+01 7.011596334401454911e+00
1.000000000000000056e-01 2.000000000000000111e-01 -6.500000000000000000e+01 2.000000000000000000e+00
2.000000000000000042e-02 2.000000000000000111e-01 -5.502628431746168758e+01 4.010513726984675564e+00
2.000000000000000042e-02 2.000000000000000111e-01 -6.014557931429079218e+01 6.058231725716318294e+00
2.000000000000000042e-02 2.000000000000000111e-01 -5.543337792310308032e+01 4.173351169241232839e+00
2.000000000000000042e-02 2.000000000000000111e-01 -5.556578349463890021e+01 4.226313397855560261e+00
2.000000000000000042e-02 2.000000000000000111e-01 -6.288680740834680449e+01 7.154722963338722153e+00
2.000000000000000042e-02 2.000000000000000111e-01 -5.634040195110454619e+01 4.536160780441817586e+00
2.000000000000000042e-02 2.000000000000000111e-01 -6.453690807492610304e+01 7.814763229970440150e+00
2.000000000000000042e-02 2.000000000000000111e-01 -5.595539429859878311e+01 4.382157719439514487e+00
2.000000000000000042e-02 2.000000000000000111e-01 -5.575702206369052760e+01 4.302808825476211574e+00
2.000000000000000042e-02 2.000000000000000111e-01 -5.979695661233083115e+01 5.918782644932333525e+00
2.000000000000000042e-02 2.000000000000000111e-01 -5.522455628903698255e+01 4.089822515614793375e+00
1.000000000000000056e-01 2.000000000000000111e-01 -6.500000000000000000e+01 2.000000000000000000e+00
2.000000000000000042e-02 2.000000000000000111e-01 -5.672547118425559631e+01 4.690188473702237459e+00
2.000000000000000042e-02 2.000000000000000111e-01 -5.898106017600771622e+01 5.592424070403087200e+00
2.000000000000000042e-02 2.000000000000000111e-01 -6.006448861335478284e+01 6.025795445341911361e+00
2.000000000000000042e-02 2.000000000000000111e-01 -6.008174232841324169e+01 6.032696931365297388e+00
2.000000000000000042e-02 2.000000000000000111e-01 -6.151062501514206815e+01 6.604250006056826550e+00
2.000000000000000042e-02 2.000000000000000111e-01 -5.500675671453252136e+01 4.002702685813008365e+00
2.000000000000000042e-02 2.000000000000000111e-01 -5.500229902381919800e+01 4.000919609527677778e+00
2.000000000000000042e-02 2.000000000000000111e-01 -6.238755368419685965e+01 6.955021473678742794e+00
1.000000000000000056e-01 2.000000000000000111e-01 -6.500000000000000000e+01 2.000000000000000000e+00
2.000000000000000042e-02 2.000000000000000111e-01 -5.505732864284214401e+01 4.022931457136857958e+00
2.000000000000000042e-02 2.000000000000000111e-01 -6.003835327543461631e+01 6.015341310173847766e+00
1.000000000000000056e-01 2.000000000000000111e-01 -6.500000000000000000e+01 2.000000000000000000e+00
1.000000000000000056e-01 2.000000000000000111e-01 -6.500000000000000000e+01 2.000000000000000000e+00
2.000000000000000042e-02 2.000000000000000111e-01 -6.135700601171687651e+01 6.542802404686749895e+00
2.000000000000000042e-02 2.000000000000000111e-01 -5.514470322702671012e+01 4.057881290810683161e+00
1.000000000000000056e-01 2.000000000000000111e-01 -6.500000000000000000e+01 2.000000000000000000e+00
2.000000000000000042e-02 2.000000000000000111e-01 -5.511171450944931394e+01 4.044685803779726641e+00
2.000000000000000042e-02 2.000000000000000111e-01 -6.227848879401550164e+01 6.911395517606201189e+00
2.000000000000000042e-02 2.000000000000000111e-01 -5.893783367158382447e+01 5.575133468633531209e+00
2.000000000000000042e-02 2.000000000000000111e-01 -5.844778971680220536e+01 5.379115886720882145e+00
2.000000000000000042e-02 2.000000000000000111e-01 -5.657717637368151031e+01 4.630870549472603237e+00
2.000000000000000042e-02 2.000000000000000111e-01 -5.827432537226950160e+01 5.309730148907801706e+00
2.000000000000000042e-02 2.000000000000000111e-01 -6.058041286145762427e+01 6.232165144583050598e+00
2.000000000000000042e-02 2.000000000000000111e-01 -6.311478670369501032e+01 7.245914681478003772e+00
2.000000000000000042e-02 2.000000000000000111e-01 -5.511173072467187950e+01 4.044692289868750734e+00
1.000000000000000056e-01 2.000000000000000111e-01 -6.500000000000000000e+01 2.000000000000000000e+00
2.000000000000000042e-02 2.000000000000000111e-01 -6.095093740396028181e+01 6.380374961584111659e+00
2.000000000000000042e-02 2.000000000000000111e-01 -5.984777238387771092e+01 5.939108953551084369e+00
2.000000000000000042e-02 2.000000000000000111e-01 -5.865701958455101561e+01 5.462807833820405357e+00
2.000000000000000042e-02 2.000000000000000111e-01 -6.153461789178557240e+01 6.613847156714228959e+00
2.000000000000000042e-02 2.000000000000000111e-01 -5.615011175979484648e+01 4.460044703917938946e+00
2.000000000000000042e-02 2.000000000000000111e-01 -5.552915929287060237e+01 4.211663717148240949e+00
1.000000000000000056e-01 2.000000000000000111e-01 -6.500000000000000000e+01 2.000000000000000000e+00
1.000000000000000056e-01 2.000000000000000111e-01 -6.500000000000000000e+01 2.000000000000000000e+00
2.000000000000000042e-02 2.000000000000000111e-01 -5.960179735965564873e+01 5.840718943862260204e+00
2.000000000000000389e-02 2.500000000000000000e-01 -6.500000000000000000e+01 2.000000000000000000e+00
2.000000000000000042e-02 2.000000000000000111e-01 -5.593948623143001697e+01 4.375794492572005367e+00
2.000000000000000042e-02 2.000000000000000111e-01 -5.500538299907063333e+01 4.002153199628254221e+00
2.000000000000000042e-02 2.000000000000000111e-01 -5.639319939517402958e+01 4.557279758069612718e+00
2.000000000000000042e-02 2.000000000000000111e-01 -5.993264873933583914e+01 5.973059495734334590e+00
2.000000000000000042e-02 2.000000000000000111e-01 -5.895518294089893629e+01 5.582073176359575228e+00
2.000000000000000042e-02 2.000000000000000111e-01 -5.592859330095225090e+01 4.371437320380899827e+00
2.000000000000000042e-02 2.000000000000000111e-01 -6.410505150638653049e+01 7.642020602554609354e+00
2.000000000000000042e-02 2.000000000000000111e-01 -6.416353259878188453e+01 7.665413039512756654e+00
2.000000000000000042e-02 2.000000000000000111e-01 -5.963633720420234141e+01 5.854534881680937275e+00
2.000000000000000042e-02 2.000000000000000111e-01 -6.184392027044834350e+01 6.737568108179337045e+00
2.000000000000000042e-02 2.000000000000000111e-01 -5.670229173146690727e+01 4.680916692586763794e+00
2.000000000000000042e-02 2.000000000000000111e-01 -5.880828067389069957e+01 5.523312269556281073e+00
2.000000000000000042e-02 2.000000000000000111e-01 -5.979506058658064660e+01 5.918024234632258462e+00
2.000000000000000042e-02 2.000000000000000111e-01 -5.509484694743012767e+01 4.037938778972050002e+00
2.000000000000000042e-02 2.000000000000000111e-01 -6.391928873220415852e+01 7.567715492881662342e+00
2.000000000000000042e-02 2.000000000000000111e-01 -6.398923895916261984e+01 7.595695583665047046e+00
2.000000000000000389e-02 2.500000000000000000e-01 -6.500000000000000000e+01 2.000000000000000000e+00
2.000000000000000042e-02 2.000000000000000111e-01 -5.579576646446962229e+01 4.318306585787849983e+00
2.000000000000000042e-02 2.000000000000000111e-01 -5.510740396493778093e+01 4.042961585975112015e+00
2.000000000000000042e-02 2.000000000000000111e-01 -6.323375251189905555e+01 7.293501004759621154e+00
1.000000000000000056e-01 2.000000000000000111e-01 -6.500000000000000000e+01 2.000000000000000000e+00
2.000000000000000042e-02 2.000000000000000111e-01 -5.512698718128921627e+01 4.050794872515687928e+00
2.000000000000000042e-02 2.000000000000000111e-01 -5.985278811096844009e+01 5.941115244387375149e+00
2.000000000000000042e-02 2.000000000000000111e-01 -5.552707783919729678e+01 4.210831135678917647e+00
2.000000000000000042e-02 2.000000000000000111e-01 -6.081213609480075633e+01 6.324854437920302885e+00
2.000000000000000042e-02 2.000000000000000111e-01 -5.535102321458295194e+01 4.140409285833181130e+00
2.000000000000000042e-02 2.000000000000000111e-01 -5.914611844388858231e+01 5.658447377555432922e+00
2.000000000000000042e-02 2.000000000000000111e-01 -6.246104950579862702e+01 6.984419802319450810e+00
2.000000000000000042e-02 2.000000000000000111e-01 -6.486720359562393412e+01 7.946881438249572938e+00
2.000000000000000042e-02 2.000000000000000111e-01 -5.570162695605814207e+01 4.280650782423255585e+00
2.000000000000000042e-02 2.000000000000000111e-01 -5.565028716995934843e+01 4.260114867983738840e+00
2.000000000000000042e-02 2.000000000000000111e-01 -5.521797005326325802e+01 4.087188021305302676e+00
2.000000000000000042e-02 2.000000000000000111e-01 -5.561705233991985153e+01 4.246820935967941857e+00
2.000000000000000042e-02 2.000000000000000111e-01 -5.516782125376593626e+01 4.067128501506374505e+00
1.000000000000000056e-01 2.000000000000000111e-01 -6.500000000000000000e+01 2.000000000000000000e+00
2.000000000000000042e-02 2.000000000000000111e-01 -5.666116678815028962e+01 4.664466715260116025e+00
2.000000000000000042e-02 2.000000000000000111e-01 -5.505577011305278035e+01 4.022308045221111961e+00
1.000000000000000056e-01 2.000000000000000111e-01 -6.500000000000000000e+01 2.000000000000000000e+00
2.000000000000000042e-02 2.000000000000000111e-01 -6.056304371546663390e+01 6.225217486186652494e+00
2.000000000000000042e-02 2.000000000000000111e-01 -6.394533461206060565e+01 7.578133844824243681e+00
2.000000000000000042e-02 2.000000000000000111e-01 -5.749713979542514153e+01 4.998855918170058033e+00
2.000000000000000042e-02 2.000000000000000111e-01 -6.341869718843375381e+01 7.367478875373502767e+00
2.000000000000000042e-02 2.000000000000000111e-01 -6.095184180435583698e+01 6.380736721742334971e+00
2.000000000000000042e-02 2.000000000000000111e-01 -6.166001204378496681e+01 6.664004817513987433e+00
2.000000000000000042e-02 2.000000000000000111e-01 -6.486429265409206835e+01 7.945717061636825562e+00
1.000000000000000056e-01 2.000000000000000111e-01 -6.500000000000000000e+01 2.000000000000000000e+00
2.000000000000000042e-02 2.000000000000000111e-01 -5.566630563513510310e+01 4.266522254054041063e+00
2.000000000000000042e-02 2.000000000000000111e-01 -5.803207509559846500e+01 5.212830038239385289e+00
2.000000000000000042e-02 2.000000000000000111e-01 -5.639115666777411207e+01 4.556462667109646425e+00
2.000000000000000042e-02 2.000000000000000111e-01 -5.605343851683635847e+01 4.421375406734544988e+00
2.000000000000000042e-02 2.000000000000000111e-01 -5.533371337624507191e+01 4.133485350498027344e+00
2.000000000000000042e-02 2.000000000000000111e-01 -5.654640574033187050e+01 4.618562296132748379e+00
2.000000000000000042e-02 2.000000000000000111e-01 -5.922714381565201336e+01 5.690857526260806765e+00
1.000000000000000056e-01 2.000000000000000111e-01 -6.500000000000000000e+01 2.000000000000000000e+00
2.000000000000000042e-02 2.000000000000000111e-01 -5.606610367389740190e+01 4.426441469558962005e+00
2.000000000000000042e-02 2.000000000000000111e-01 -5.933710772331289007e+01 5.734843089325154963e+00
2.000000000000000042e-02 2.000000000000000111e-01 -5.607162754655775672e+01 4.428651018623104285e+00
1.000000000000000056e-01 2.000000000000000111e-01 -6.500000000000000000e+01 2.000000000000000000e+00
2.000000000000000042e-02 2.000000000000000111e-01 -5.950652231910420653e+01 5.802608927641681014e+00
2.000000000000000042e-02 2.000000000000000111e-01 -5.927015220471828627e+01 5.708060881887314864e+00
2.000000000000000042e-02 2.000000000000000111e-01 -5.500588331687612254e+01 4.002353326750448304e+00
2.000000000000000042e-02 2.000000000000000111e-01 -5.501380119627916088e+01 4.005520478511663818e+00
2.000000000000000042e-02 2.000000000000000111e-01 -5.913991093684722244e+01 5.655964374738887912e+00
1.000000000000000056e-01 2.000000000000000111e-01 -6.500000000000000000e+01 2.000000000000000000e+00
2.000000000000000042e-02 2.000000000000000111e-01 -6.034437953340878380e+01 6.137751813363513165e+00
2.000000000000000042e-02 2.000000000000000111e-01 -5.508181239556803632e+01 4.032724958227213996e+00
2.000000000000000042e-02 2.000000000000000111e-01 -5.500530455271405117e+01 4.002121821085619757e+00
2.000000000000000042e-02 2.000000000000000111e-01 -6.292976745895549584e+01 7.171906983582196915e+00
2.000000000000000042e-02 2.000000000000000111e-01 -5.775213365638757068e+01 5.100853462555028806e+00
2.000000000000000042e-02 2.000000000000000111e-01 -5.806869920721638323e+01 5.227479682886553292e+00
2.000000000000000042e-02 2.000000000000000111e-01 -5.825540596282317551e+01 5.302162385129268962e+00
2.000000000000000042e-02 2.000000000000000111e-01 -6.236272464153331185e+01 6.945089856613323676e+00
2.000000000000000042e-02 2.000000000000000111e-01 -6.448848945547000255e+01 7.795395782188000666e+00
2.000000000000000042e-02 2.000000000000000111e-01 -5.663358184387492855e+01 4.653432737549970888e+00
2.000000000000000042e-02 2.000000000000000111e-01 -5.894790148737998692e+01 5.579160594951995122e+00
2.000000000000000042e-02 2.000000000000000111e-01 -5.697685510865758829e+01 4.790742043463034783e+00
2.000000000000000042e-02 2.000000000000000111e-01 -5.513860488045899189e+01 4.055441952183596044e+00
2.000000000000000389e-02 2.500000000000000000e-01 -6.500000000000000000e+01 2.000000000000000000e+00
2.000000000000000042e-02 2.000000000000000111e-01 -5.504089296382793606e+01 4.016357185531173712e+00
2.000000000000000042e-02 2.000000000000000111e-01 -5.717164235702488639e+01 4.868656942809955090e+00
2.000000000000000042e-02 2.000000000000000111e-01 -5.576190495805425940e+01 4.304761983221705002e+00
2.000000000000000042e-02 2.000000000000000111e-01 -5.515474886950741507e+01 4.061899547802967803e+00
2.000000000000000042e-02 2.000000000000000111e-01 -5.718485674275631681e+01 4.873942697102527255e+00
2.000000000000000042e-02 2.000000000000000111e-01 -6.213561813507488552e+01 6.854247254029954384e+00
2.000000000000000042e-02 2.000000000000000111e-01 -5.500393594244353324e+01 4.001574376977412584e+00
2.000000000000000042e-02 2.000000000000000111e-01 -5.805945803960174345e+01 5.223783215840696492e+00
1.000000000000000056e-01 2.000000000000000111e-01 -6.500000000000000000e+01 2.000000000000000000e+00
2.000000000000000042e-02 2.000000000000000111e-01 -5.789108563125488160e+01 5.156434252501951754e+00
2.000000000000000042e-02 2.000000000000000111e-01 -6.106386367957858852e+01 6.425545471831434874e+00
2.000000000000000042e-02 2.000000000000000111e-01 -6.291516315774733670e+01 7.166065263098934324e+00
2.000000000000000042e-02 2.000000000000000111e-01 -5.844441015397917738e+01 5.377764061591671307e+00
2.000000000000000042e-02 2.000000000000000111e-01 -5.631609988455983284e+01 4.526439953823933493e+00
2.000000000000000042e-02 2.000000000000000111e-01 -6.397584359686046440e+01 7.590337438744185761e+00
1.000000000000000056e-01 2.000000000000000111e-01 -6.500000000000000000e+01 2.000000000000000000e+00
2.000000000000000042e-02 2.000000000000000111e-01 -5.546080594598406321e+01 4.184322378393626529e+00
2.000000000000000042e-02 2.000000000000000111e-01 -5.574594852582828253e+01 4.298379410331314432e+00
2.000000000000000042e-02 2.000000000000000111e-01 -6.163269317079222276e+01 6.653077268316890169e+00
2.000000000000000042e-02 2.000000000000000111e-01 -5.870384504121896185e+01 5.481538016487583320e+00
2.000000000000000042e-02 2.000000000000000111e-01 -6.116002551036118717e+01 6.464010204144473803e+00
2.000000000000000042e-02 2.000000000000000111e-01 -5.828159169764684577e+01 5.312636679058737599e+00
2.000000000000000042e-02 2.000000000000000111e-01 -5.583942138939278266e+01 4.335768555757113951e+00
2.000000000000000042e-02 2.000000000000000111e-01 -6.460763924976642159e+01 7.843055699906567924e+00
2.000000000000000389e-02 2.500000000000000000e-01 -6.500000000000000000e+01 2.000000000000000000e+00
2.000000000000000042e-02 2.000000000000000111e-01 -6.391571916962359268e+01 7.566287667849437071e+00
2.000000000000000042e-02 2.000000000000000111e-01 -6.131260189191250731e+01 6.525040756765003280e+00
2.000000000000000042e-02 2.000000000000000111e-01 -5.688097217626360447e+01 4.752388870505441787e+00
2.000000000000000042e-02 2.000000000000000111e-01 -5.697451248201797114e+01 4.789804992807187745e+00
2.000000000000000042e-02 2.000000000000000111e-01 -5.586336222923765149e+01 4.345344891695061662e+00
2.000000000000000042e-02 2.000000000000000111e-01 -5.583318567054828208e+01 4.333274268219312830e+00
1.000000000000000056e-01 2.000000000000000111e-01 -6.500000000000000000e+01 2.000000000000000000e+00
2.000000000000000042e-02 2.000000000000000111e-01 -5.985945753140152448e+01 5.943783012560610146e+00
2.000000000000000042e-02 2.000000000000000111e-01 -5.915300550375536659e+01 5.661202201502145037e+00
2.000000000000000042e-02 2.000000000000000111e-01 -5.508081306823775947e+01 4.032325227295102010e+00
2.000000000000000042e-02 2.000000000000000111e-01 -6.164869165008364860e+01 6.659476660033460504e+00
1.000000000000000056e-01 2.000000000000000111e-01 -6.500000000000000000e+01 2.000000000000000000e+00
2.000000000000000042e-02 2.000000000000000111e-01 -6.035374781469295868e+01 6.141499125877182053e+00
2.000000000000000042e-02 2.000000000000000111e-01 -5.851135593766520770e+01 5.404542375066084148e+00
1.000000000000000056e-01 2.000000000000000111e-01 -6.500000000000000000e+01 2.000000000000000000e+00
2.000000000000000042e-02 2.000000000000000111e-01 -6.272626282621749993e+01 7.090505130487000152e+00
2.000000000000000389e-02 2.500000000000000000e-01 -6.500000000000000000e+01 2.000000000000000000e+00
2.000000000000000389e-02 2.500000000000000000e-01 -6.500000000000000000e+01 2.000000000000000000e+00
2.000000000000000042e-02 2.000000000000000111e-01 -6.324695559585714477e+01 7.298782238342857553e+00
2.000000000000000042e-02 2.000000000000000111e-01 -5.750488738228024488e+01 5.001954952912099017e+00
1.000000000000000056e-01 2.000000000000000111e-01 -6.500000000000000000e+01 2.000000000000000000e+00
2.000000000000000042e-02 2.000000000000000111e-01 -6.391785643006848261e+01 7.567142572027394820e+00
2.000000000000000042e-02 2.000000000000000111e-01 -6.034665390203538493e+01 6.138661560814155038e+00
2.000000000000000042e-02 2.000000000000000111e-01 -5.647260549388493445e+01 4.589042197553973246e+00
1.000000000000000056e-01 2.000000000000000111e-01 -6.500000000000000000e+01 2.000000000000000000e+00
1.000000000000000056e-01 2.000000000000000111e-01 -6.500000000000000000e+01 2.000000000000000000e+00
2.000000000000000042e-02 2.000000000000000111e-01 -5.820842096002498778e+01 5.283368384009994756e+00
2.000000000000000042e-02 2.000000000000000111e-01 -6.321467424647313749e+01 7.285869698589256593e+00
2.000000000000000042e-02 2.000000000000000111e-01 -6.326206435313395104e+01 7.304825741253581306e+00
1.000000000000000056e-01 2.000000000000000111e-01 -6.500000000000000000e+01 2.000000000000000000e+00
2.000000000000000042e-02 2.000000000000000111e-01 -5.510147187951729819e+01 4.040588751806917678e+00
1.000000000000000056e-01 2.000000000000000111e-01 -6.500000000000000000e+01 2.000000000000000000e+00
2.000000000000000042e-02 2.000000000000000111e-01 -5.804347096581581411e+01 5.217388386326327065e+00
2.000000000000000042e-02 2.000000000000000111e-01 -5.505238104870982596e+01 4.020952419483931450e+00
2.000000000000000042e-02 2.000000000000000111e-01 -6.276016803840890645e+01 7.104067215363561338e+00
2.000000000000000042e-02 2.000000000000000111e-01 -5.868476440526139015e+01 5.473905762104554817e+00
2.000000000000000042e-02 2.000000000000000111e-01 -5.557904257637054712e+01 4.231617030548218139e+00
2.000000000000000042e-02 2.000000000000000111e-01 -6.440316468831584018e+01 7.761265875326335717e+00
2.000000000000000042e-02 2.000000000000000111e-01 -6.167027631534442378e+01 6.668110526137768446e+00
2.000000000000000389e-02 2.500000000000000000e-01 -6.500000000000000000e+01 2.000000000000000000e+00
2.000000000000000042e-02 2.000000000000000111e-01 -6.069729013137632023e+01 6.278916052550528981e+00
1.000000000000000056e-01 2.000000000000000111e-01 -6.500000000000000000e+01 2.000000000000000000e+00
2.000000000000000042e-02 2.000000000000000111e-01 -5.635643500176372811e+01 4.542574000705492665e+00
1.000000000000000056e-01 2.000000000000000111e-01 -6.500000000000000000e+01 2.000000000000000000e+00
2.000000000000000042e-02 2.000000000000000111e-01 -5.888975739329918468e+01 5.555902957319673874e+00
2.000000000000000042e-02 2.000000000000000111e-01 -5.544020912689207137e+01 4.176083650756827303e+00
1.000000000000000056e-01 2.000000000000000111e-01 -6.500000000000000000e+01 2.000000000000000000e+00
1.000000000000000056e-01 2.000000000000000111e-01 -6.500000000000000000e+01 2.000000000000000000e+00
1.000000000000000056e-01 2.000000000000000111e-01 -6.500000000000000000e+01 2.000000000000000000e+00
2.000000000000000042e-02 2.000000000000000111e-01 -5.758583995213474793e+01 5.034335980853899883e+00
2.000000000000000042e-02 2.000000000000000111e-01 -6.029923794792817660e+01 6.119695179171269039e+00
2.000000000000000389e-02 2.500000000000000000e-01 -6.500000000000000000e+01 2.000000000000000000e+00
2.000000000000000042e-02 2.000000000000000111e-01 -6.346003692227971271e+01 7.384014768911884019e+00
2.000000000000000389e-02 2.500000000000000000e-01 -6.500000000000000000e+01 2.000000000000000000e+00
2.000000000000000042e-02 2.000000000000000111e-01 -5.959878824992621560e+01 5.839515299970486240e+00
2.000000000000000042e-02 2.000000000000000111e-01 -5.851321272365709092e+01 5.405285089462836368e+00
1.000000000000000056e-01 2.000000000000000111e-01 -6.500000000000000000e+01 2.000000000000000000e+00
1.000000000000000056e-01 2.000000000000000111e-01 -6.500000000000000000e+01 2.000000000000000000e+00
1.000000000000000056e-01 2.000000000000000111e-01 -6.500000000000000000e+01 2.000000000000000000e+00
2.000000000000000042e-02 2.000000000000000111e-01 -6.450064161255660622e+01 7.800256645022642488e+00
2.000000000000000042e-02 2.000000000000000111e-01 -5.748398489469386163e+01 4.993593957877543232e+00
2.000000000000000042e-02 2.000000000000000111e-01 -5.940228623135900676e+01 5.760914492543603771e+00
1.000000000000000056e-01 2.000000000000000111e-01 -6.500000000000000000e+01 2.000000000000000000e+00
1.000000000000000056e-01 2.000000000000000111e-01 -6.500000000000000000e+01 2.000000000000000000e+00
2.000000000000000042e-02 2.000000000000000111e-01 -6.001565083614246987e+01 6.006260334456989369e+00
2.000000000000000042e-02 2.000000000000000111e-01 -6.466813700705947099e+01 7.867254802823790527e+00
2.000000000000000042e-02 2.000000000000000111e-01 -5.741880665661656025e+01 4.967522662646622678e+00
2.000000000000000389e-02 2.500000000000000000e-01 -6.500000000000000000e+01 2.000000000000000000e+00
2.000000000000000042e-02 2.000000000000000111e-01 -6.326526699631484973e+01 7.306106798525941137e+00
2.000000000000000042e-02 2.000000000000000111e-01 -5.682405060815237618e+01 4.729620243260949763e+00
2.000000000000000042e-02 2.000000000000000111e-01 -5.696760492354589189e+01 4.787041969418356580e+00
2.000000000000000389e-02 2.500000000000000000e-01 -6.500000000000000000e+01 2.000000000000000000e+00
2.000000000000000042e-02 2.000000000000000111e-01 -5.760175550409109491e+01 5.040702201636438673e+00
1.000000000000000056e-01 2.000000000000000111e-01 -6.500000000000000000e+01 2.000000000000000000e+00
2.000000000000000389e-02 2.500000000000000000e-01 -6.500000000000000000e+01 2.000000000000000000e+00
2.000000000000000042e-02 2.000000000000000111e-01 -5.557805665610101187e+01 4.231222662440404569e+00
2.000000000000000042e-02 2.000000000000000111e-01 -6.236210667379116046e+01 6.944842669516463118e+00
2.000000000000000042e-02 2.000000000000000111e-01 -5.922684152543989455e+01 5.690736610175958887e+00
2.000000000000000042e-02 2.000000000000000111e-01 -6.342415742862387873e+01 7.369662971449550071e+00
2.000000000000000042e-02 2.000000000000000111e-01 -5.974470173748991186e+01 5.897880694995964568e+00
2.000000000000000042e-02 2.000000000000000111e-01 -6.023151579142865586e+01 6.092606316571462344e+00
2.000000000000000042e-02 2.000000000000000111e-01 -5.512010614362547756e+01 4.048042457450189424e+00
2.000000000000000042e-02 2.000000000000000111e-01 -6.372742568276837716e+01 7.490970273107350863e+00
1.000000000000000056e-01 2.000000000000000111e-01 -6.500000000000000000e+01 2.000000000000000000e+00
2.000000000000000042e-02 2.000000000000000111e-01 -6.407558354611727225e+01 7.630233418446908722e+00
2.000000000000000042e-02 2.000000000000000111e-01 -5.593127876728666337e+01 4.372511506914665169e+00
2.000000000000000042e-02 2.000000000000000111e-01 -5.511842611173089068e+01 4.047370444692354852e+00
1.000000000000000056e-01 2.000000000000000111e-01 -6.500000000000000000e+01 2.000000000000000000e+00
2.000000000000000042e-02 2.000000000000000111e-01 -5.577934012367752814e+01 4.311736049471011967e+00
2.000000000000000042e-02 2.000000000000000111e-01 -6.188435108700527820e+01 6.753740434802111281e+00
2.000000000000000042e-02 2.000000000000000111e-01 -5.932985267453054945e+01 5.731941069812219069e+00
2.000000000000000389e-02 2.500000000000000000e-01 -6.500000000000000000e+01 2.000000000000000000e+00
1.000000000000000056e-01 2.000000000000000111e-01 -6.500000000000000000e+01 2.000000000000000000e+00
2.000000000000000042e-02 2.000000000000000111e-01 -5.501483986109178659e+01 4.005935944436713747e+00
2.000000000000000042e-02 2.000000000000000111e-01 -6.052042110822423382e+01 6.208168443289693528e+00
2.000000000000000042e-02 2.000000000000000111e-01 -5.948562992278775852e+01 5.794251969115101986e+00
2.000000000000000042e-02 2.000000000000000111e-01 -5.506346833688294140e+01 4.025387334753177448e+00
2.000000000000000042e-02 2.000000000000000111e-01 -5.846843716187941453e+01 5.387374864751766523e+00
2.000000000000000042e-02 2.000000000000000111e-01 -6.225774213984561101e+01 6.903096855938244403e+00
2.000000000000000042e-02 2.000000000000000111e-01 -5.553344581371379007e+01 4.213378325485517273e+00
1.000000000000000056e-01 2.000000000000000111e-01 -6.500000000000000000e+01 2.000000000000000000e+00
2.000000000000000042e-02 2.000000000000000111e-01 -5.554505432390796926e+01 4.218021729563186994e+00
1.000000000000000056e-01 2.000000000000000111e-01 -6.500000000000000000e+01 2.000000000000000000e+00
2.000000000000000042e-02 2.000000000000000111e-01 -5.649899196329646855e+01 4.599596785318587067e+00
2.000000000000000042e-02 2.000000000000000111e-01 -5.537944240123687223e+01 4.151776960494750313e+00
2.000000000000000042e-02 2.000000000000000111e-01 -5.648579949834117286e+01 4.594319799336470389e+00
2.000000000000000042e-02 2.000000000000000111e-01 -6.146261519168399445e+01 6.585046076673596538e+00
2.000000000000000042e-02 2.000000000000000111e-01 -6.098869662391874158e+01 6.395478649567497342e+00
1.000000000000000056e-01 2.000000000000000111e-01 -6.500000000000000000e+01 2.000000000000000000e+00
2.000000000000000042e-02 2.000000000000000111e-01 -5.679177197107160424e+01 4.716708788428642940e+00
1.000000000000000056e-01 2.000000000000000111e-01 -6.500000000000000000e+01 2.000000000000000000e+00
2.000000000000000389e-02 2.500000000000000000e-01 -6.500000000000000000e+01 2.000000000000000000e+00
2.000000000000000042e-02 2.000000000000000111e-01 -5.540292780651363813e+01 4.161171122605454187e+00
2.000000000000000042e-02 2.000000000000000111e-01 -5.631905812851908877e+01 4.527623251407637106e+00
2.000000000000000042e-02 2.000000000000000111e-01 -5.868337925574392244e+01 5.473351702297567734e+00
2.000000000000000042e-02 2.000000000000000111e-01 -6.122362281169638720e+01 6.489449124678554170e+00
2.000000000000000042e-02 2.000000000000000111e-01 -5.601824152992248429e+01 4.407296611968992472e+00
2.000000000000000042e-02 2.000000000000000111e-01 -5.880714288170270265e+01 5.522857152681082127e+00
2.000000000000000042e-02 2.000000000000000111e-01 -5.503841845691040646e+01 4.015367382764162940e+00
2.000000000000000042e-02 2.000000000000000111e-01 -6.252252642379473002e+01 7.009010569517892364e+00
2.000000000000000042e-02 2.000000000000000111e-01 -5.761024195150235983e+01 5.044096780600942687e+00
2.000000000000000389e-02 2.500000000000000000e-01 -6.500000000000000000e+01 2.000000000000000000e+00
2.000000000000000389e-02 2.500000000000000000e-01 -6.500000000000000000e+01 2.000000000000000000e+00
2.000000000000000042e-02 2.000000000000000111e-01 -6.306634107479106888e+01 7.226536429916428084e+00
2.000000000000000042e-02 2.000000000000000111e-01 -5.733613988892601299e+01 4.934455955570403951e+00
2.000000000000000042e-02 2.000000000000000111e-01 -5.860832102842432079e+01 5.443328411369728670e+00
2.000000000000000042e-02 2.000000000000000111e-01 -5.651014804265861358e+01 4.604059217063445786e+00
2.000000000000000042e-02 2.000000000000000111e-01 -5.859256896660490099e+01 5.437027586641961285e+00
2.000000000000000042e-02 2.000000000000000111e-01 -5.561324977135956260e+01 4.245299908543825218e+00
2.000000000000000042e-02 2.000000000000000111e-01 -5.637086864151578425e+01 4.548347456606315120e+00
2.000000000000000042e-02 2.000000000000000111e-01 -6.169581663953987771e+01 6.678326655815951085e+00
2.000000000000000042e-02 2.000000000000000111e-01 -5.566601870234817540e+01 4.266407480939269803e+00
2.000000000000000042e-02 2.000000000000000111e-01 -6.182958117727077507e+01 6.731832470908310384e+00
1.000000000000000056e-01 2.000000000000000111e-01 -6.500000000000000000e+01 2.000000000000000000e+00
2.000000000000000042e-02 2.000000000000000111e-01 -5.997976475563118726e+01 5.991905902252474547e+00
2.000000000000000042e-02 2.000000000000000111e-01 -5.500312700768115093e+01 4.001250803072458950e+00
2.000000000000000042e-02 2.000000000000000111e-01 -5.853632955397468862e+01 5.414531821589875449e+00
2.000000000000000042e-02 2.000000000000000111e-01 -5.917064616376334385e+01 5.668258465505337185e+00
2.000000000000000042e-02 2.000000000000000111e-01 -5.886377575423136221e+01 5.545510301692545774e+00
2.000000000000000042e-02 2.000000000000000111e-01 -5.523668951133515037e+01 4.094675804534060326e+00
2.000000000000000042e-02 2.000000000000000111e-01 -6.191552023439720642e+01 6.766208093758882214e+00
2.000000000000000042e-02 2.000000000000000111e-01 -5.667072764838987098e+01 4.668291059355948569e+00
2.000000000000000042e-02 2.000000000000000111e-01 -5.739909957852501776e+01 4.959639831410006749e+00
2.000000000000000042e-02 2.000000000000000111e-01 -6.407488586004423325e+01 7.629954344017694901e+00
1.000000000000000056e-01 2.000000000000000111e-01 -6.500000000000000000e+01 2.000000000000000000e+00
1.000000000000000056e-01 2.000000000000000111e-01 -6.500000000000000000e+01 2.000000000000000000e+00
2.000000000000000042e-02 2.000000000000000111e-01 -5.538171744157131116e+01 4.152686976628523929e+00
2.000000000000000042e-02 2.000000000000000111e-01 -5.622145469342397206e+01 4.488581877369588469e+00
2.000000000000000389e-02 2.500000000000000000e-01 -6.500000000000000000e+01 2.000000000000000000e+00
1.000000000000000056e-01 2.000000000000000111e-01 -6.500000000000000000e+01 2.000000000000000000e+00
2.000000000000000042e-02 2.000000000000000111e-01 -6.244352505241297280e+01 6.977410020965188586e+00
2.000000000000000042e-02 2.000000000000000111e-01 -5.557223072420403298e+01 4.228892289681613015e+00
2.000000000000000042e-02 2.000000000000000111e-01 -6.127781279894295352e+01 6.511125119577181763e+00
2.000000000000000042e-02 2.000000000000000111e-01 -5.693980717453475648e+01 4.775922869813902238e+00
1.000000000000000056e-01 2.000000000000000111e-01 -6.500000000000000000e+01 2.000000000000000000e+00
2.000000000000000042e-02 2.000000000000000111e-01 -6.008783477060276823e+01 6.035133908241107292e+00
2.000000000000000042e-02 2.000000000000000111e-01 -6.265304577010223852e+01 7.061218308040896119e+00
2.000000000000000042e-02 2.000000000000000111e-01 -5.972430216310067408e+01 5.889720865240271053e+00
2.000000000000000389e-02 2.500000000000000000e-01 -6.500000000000000000e+01 2.000000000000000000e+00
2.000000000000000042e-02 2.000000000000000111e-01 -6.317205737971086421e+01 7.268822951884347461e+00
2.000000000000000042e-02 2.000000000000000111e-01 -6.066667545694495089e+01 6.266670182777980713e+00
2.000000000000000042e-02 2.000000000000000111e-01 -6.497297019883781388e+01 7.989188079535123777e+00
1.000000000000000056e-01 2.000000000000000111e-01 -6.500000000000000000e+01 2.000000000000000000e+00
2.000000000000000042e-02 2.000000000000000111e-01 -5.724923366445044337e+01 4.899693465780176282e+00
2.000000000000000389e-02 2.500000000000000000e-01 -6.500000000000000000e+01 2.000000000000000000e+00
2.000000000000000042e-02 2.000000000000000111e-01 -5.613181129950930170e+01 4.452724519803719971e+00
2.000000000000000042e-02 2.000000000000000111e-01 -5.953705331906973441e+01 5.814821327627893055e+00
2.000000000000000042e-02 2.000000000000000111e-01 -5.501176576425591946e+01 4.004706305702368851e+00
1.000000000000000056e-01 2.000000000000000111e-01 -6.500000000000000000e+01 2.000000000000000000e+00
2.000000000000000042e-02 2.000000000000000111e-01 -6.310433780221872269e+01 7.241735120887486943e+00
2.000000000000000042e-02 2.000000000000000111e-01 -5.600764025267118740e+01 4.403056101068473893e+00
2.000000000000000042e-02 2.000000000000000111e-01 -6.273738126021402195e+01 7.094952504085608069e+00
2.000000000000000042e-02 2.000000000000000111e-01 -6.028548534502082390e+01 6.114194138008329560e+00
1.000000000000000056e-01 2.000000000000000111e-01 -6.500000000000000000e+01 2.000000000000000000e+00
2.000000000000000042e-02 2.000000000000000111e-01 -6.032236651834628560e+01 6.128946607338515484e+00
2.000000000000000042e-02 2.000000000000000111e-01 -6.005789387207099139e+01 6.023157548828395491e+00
2.000000000000000042e-02 2.000000000000000111e-01 -5.988068225876533290e+01 5.952272903506131918e+00
2.000000000000000042e-02 2.000000000000000111e-01 -5.500001007736860714e+01 4.000004030947442502e+00
2.000000000000000042e-02 2.000000000000000111e-01 -5.650571691591105150e+01 4.602286766364420245e+00
1.000000000000000056e-01 2.000000000000000111e-01 -6.500000000000000000e+01 2.000000000000000000e+00
2.000000000000000042e-02 2.000000000000000111e-01 -5.962670516096626727e+01 5.850682064386507619e+00
2.000000000000000042e-02 2.000000000000000111e-01 -5.917155024439470878e+01 5.668620097757883336e+00
2.000000000000000042e-02 2.000000000000000111e-01 -6.114057814396474555e+01 6.456231257585899996e+00
1.000000000000000056e-01 2.000000000000000111e-01 -6.500000000000000000e+01 2.000000000000000000e+00
2.000000000000000042e-02 2.000000000000000111e-01 -5.624186800235029438e+01 4.496747200940117040e+00
2.000000000000000042e-02 2.000000000000000111e-01 -6.090040718669845887e+01 6.360162874679383904e+00
2.000000000000000042e-02 2.000000000000000111e-01 -5.738497771191617858e+01 4.953991084766472319e+00
2.000000000000000042e-02 2.000000000000000111e-01 -5.570367422715024475e+01 4.281469690860096655e+00
1.000000000000000056e-01 2.000000000000000111e-01 -6.500000000000000000e+01 2.000000000000000000e+00
2.000000000000000042e-02 2.000000000000000111e-01 -5.672152946802157203e+01 4.688611787208629700e+00
2.000000000000000042e-02 2.000000000000000111e-01 -6.058568060335735339e+01 6.234272241342941001e+00
2.000000000000000042e-02 2.000000000000000111e-01 -5.837694127353673679e+01 5.350776509414695070e+00
2.000000000000000042e-02 2.000000000000000111e-01 -6.291173839912170962e+01 7.164695359648682427e+00
2.000000000000000042e-02 2.000000000000000111e-01 -5.899365278695054826e+01 5.597461114780220015e+00
2.000000000000000042e-02 2.000000000000000111e-01 -5.529098041905850636e+01 4.116392167623403431e+00
2.000000000000000042e-02 2.000000000000000111e-01 -5.776808088823381127e+01 5.107232355293524151e+00
2.000000000000000042e-02 2.000000000000000111e-01 -5.563875514270669953e+01 4.255502057082678924e+00
1.000000000000000056e-01 2.000000000000000111e-01 -6.500000000000000000e+01 2.000000000000000000e+00
2.000000000000000042e-02 2.000000000000000111e-01 -6.185732359997648189e+01 6.742929439990593465e+00
2.000000000000000042e-02 2.000000000000000111e-01 -5.548304375630458196e+01 4.193217502521831896e+00
2.000000000000000042e-02 2.000000000000000111e-01 -5.683684758001319892e+01 4.734739032005279569e+00
2.000000000000000042e-02 2.000000000000000111e-01 -6.288398185671523066e+01 7.153592742686091910e+00
1.000000000000000056e-01 2.000000000000000111e-01 -6.500000000000000000e+01 2.000000000000000000e+00
2.000000000000000042e-02 2.000000000000000111e-01 -6.167267117924142639e+01 6.669068471696569134e+00
2.000000000000000042e-02 2.000000000000000111e-01 -5.579863225382735692e+01 4.319452901530943301e+00
2.000000000000000042e-02 2.000000000000000111e-01 -5.868879331921542786e+01 5.475517327686171498e+00
1.000000000000000056e-01 2.000000000000000111e-01 -6.500000000000000000e+01 2.000000000000000000e+00
2.000000000000000042e-02 2.000000000000000111e-01 -6.115716248466468130e+01 6.462864993865873764e+00
2.000000000000000042e-02 2.000000000000000111e-01 -5.969267428316316426e+01 5.877069713265266060e+00
2.000000000000000042e-02 2.000000000000000111e-01 -6.378666601630064292e+01 7.514666406520256636e+00
2.000000000000000042e-02 2.000000000000000111e-01 -5.976479805854570770e+01 5.905919223418282904e+00
1.000000000000000056e-01 2.000000000000000111e-01 -6.500000000000000000e+01 2.000000000000000000e+00
2.000000000000000042e-02 2.000000000000000111e-01 -5.705103669174381764e+01 4.820414676697527767e+00
2.000000000000000042e-02 2.000000000000000111e-01 -5.503736134532908864e+01 4.014944538131636875e+00
2.000000000000000042e-02 2.000000000000000111e-01 -5.552891862844222004e+01 4.211567451376889260e+00
2.000000000000000042e-02 2.000000000000000111e-01 -5.693549388089172680e+01 4.774197552356689300e+00
2.000000000000000042e-02 2.000000000000000111e-01 -5.500808254371865758e+01 4.003233017487461964e+00
1.000000000000000056e-01 2.000000000000000111e-01 -6.500000000000000000e+01 2.000000000000000000e+00
2.000000000000000042e-02 2.000000000000000111e-01 -5.698969470700242113e+01 4.795877882800969161e+00
2.000000000000000042e-02 2.000000000000000111e-01 -5.570166717527784073e+01 4.280666870111137001e+00
2.000000000000000042e-02 2.000000000000000111e-01 -5.961174995675052912e+01 5.844699982700212182e+00
2.000000000000000042e-02 2.000000000000000111e-01 -5.674887322989571459e+01 4.699549291958286190e+00
1.000000000000000056e-01 2.000000000000000111e-01 -6.500000000000000000e+01 2.000000000000000000e+00
2.000000000000000042e-02 2.000000000000000111e-01 -6.032338329286520917e+01 6.129353317146082780e+00
2.000000000000000042e-02 2.000000000000000111e-01 -6.079471164530630745e+01 6.317884658122523867e+00
2.000000000000000042e-02 2.000000000000000111e-01 -5.657374992536216496e+01 4.629499970144867582e+00
2.000000000000000042e-02 2.000000000000000111e-01 -5.767034185309307759e+01 5.068136741237231568e+00
2.000000000000000042e-02 2.000000000000000111e-01 -5.528060854749501374e+01 4.112243418998004607e+00
1.000000000000000056e-01 2.000000000000000111e-01 -6.500000000000000000e+01 2.000000000000000000e+00
2.000000000000000042e-02 2.000000000000000111e-01 -6.180145729398054044e+01 6.720582917592215821e+00
2.000000000000000042e-02 2.000000000000000111e-01 -5.834587140863502697e+01 5.338348563454012208e+00
2.000000000000000042e-02 2.000000000000000111e-01 -6.416420685158675496e+01 7.665682740634704118e+00
2.000000000000000042e-02 2.000000000000000111e-01 -5.568922745389092199e+01 4.275690981556369508e+00
2.000000000000000042e-02 2.000000000000000111e-01 -5.959302637739018138e+01 5.837210550956072552e+00
2.000000000000000042e-02 2.000000000000000111e-01 -5.870171216703013783e+01 5.480684866812056022e+00
1.000000000000000056e-01 2.000000000000000111e-01 -6.500000000000000000e+01 2.000000000000000000e+00
1.000000000000000056e-01 2.000000000000000111e-01 -6.500000000000000000e+01 2.000000000000000000e+00
1.000000000000000056e-01 2.000000000000000111e-01 -6.500000000000000000e+01 2.000000000000000000e+00
2.000000000000000042e-02 2.000000000000000111e-01 -6.048459489731972383e+01 6.193837958927888465e+00
2.000000000000000042e-02 2.000000000000000111e-01 -6.424373726064298751e+01 7.697494904257192516e+00
2.000000000000000042e-02 2.000000000000000111e-01 -6.150035131885600492e+01 6.600140527542402324e+00
2.000000000000000042e-02 2.000000000000000111e-01 -5.598551830085231273e+01 4.394207320340925094e+00
2.000000000000000042e-02 2.000000000000000111e-01 -5.814032954826227240e+01 5.256131819304908248e+00
2.000000000000000042e-02 2.000000000000000111e-01 -5.521536692782623135e+01 4.086146771130493960e+00
2.000000000000000042e-02 2.000000000000000111e-01 -5.539933780959544407e+01 4.159735123838179227e+00
1.000000000000000056e-01 2.000000000000000111e-01 -6.500000000000000000e+01 2.000000000000000000e+00
2.000000000000000042e-02 2.000000000000000111e-01 -6.108184177242236501e+01 6.432736708968945116e+00
2.000000000000000042e-02 2.000000000000000111e-01 -6.373403631302230821e+01 7.493614525208924348e+00
2.000000000000000042e-02 2.000000000000000111e-01 -5.517001927468609068e+01 4.068007709874435385e+00
2.000000000000000042e-02 2.000000000000000111e-01 -5.500839769488229791e+01 4.003359077952920231e+00
2.000000000000000042e-02 2.000000000000000111e-01 -5.673683073018422363e+01 4.694732292073688029e+00
2.000000000000000042e-02 2.000000000000000111e-01 -5.885870135229578182e+01 5.543480540918314325e+00
2.000000000000000042e-02 2.000000000000000111e-01 -6.411208316524073325e+01 7.644833266096296320e+00
2.000000000000000042e-02 2.000000000000000111e-01 -5.753026243079455782e+01 5.012104972317824370e+00
2.000000000000000042e-02 2.000000000000000111e-01 -6.475186522482970020e+01 7.900746089931877769e+00
2.000000000000000042e-02 2.000000000000000111e-01 -6.007587931914422086e+01 6.030351727657686567e+00
2.000000000000000042e-02 2.000000000000000111e-01 -5.645351420897898720e+01 4.581405683591593281e+00
2.000000000000000042e-02 2.000000000000000111e-01 -6.260376091922271513e+01 7.041504367689085164e+00
2.000000000000000042e-02 2.000000000000000111e-01 -5.827027904717134987e+01 5.308111618868539772e+00
2.000000000000000042e-02 2.000000000000000111e-01 -5.688678490682809041e+01 4.754713962731235810e+00
2.000000000000000042e-02 2.000000000000000111e-01 -5.533572606866130883e+01 4.134290427464523354e+00
2.000000000000000042e-02 2.000000000000000111e-01 -5.665677710005320478e+01 4.662710840021280667e+00
1.000000000000000056e-01 2.000000000000000111e-01 -6.500000000000000000e+01 2.000000000000000000e+00
2.000000000000000042e-02 2.000000000000000111e-01 -5.670145396306907060e+01 4.680581585227627350e+00
2.000000000000000042e-02 2.000000000000000111e-01 -5.646380328071374066e+01 4.585521312285495199e+00
1.000000000000000056e-01 2.000000000000000111e-01 -6.500000000000000000e+01 2.000000000000000000e+00
2.000000000000000042e-02 2.000000000000000111e-01 -5.573010169363020339e+01 4.292040677452082065e+00
2.000000000000000042e-02 2.000000000000000111e-01 -5.504983138546339205e+01 4.019932554185355222e+00
2.000000000000000389e-02 2.500000000000000000e-01 -6.500000000000000000e+01 2.000000000000000000e+00
1.000000000000000056e-01 2.000000000000000111e-01 -6.500000000000000000e+01 2.000000000000000000e+00
2.000000000000000042e-02 2.000000000000000111e-01 -5.500031124229119683e+01 4.000124496916479089e+00
2.000000000000000042e-02 2.000000000000000111e-01 -5.617303566559405681e+01 4.469214266237623079e+00
2.000000000000000042e-02 2.000000000000000111e-01 -6.085938234811723646e+01 6.343752939246895650e+00
2.000000000000000042e-02 2.000000000000000111e-01 -5.618275776335608640e+01 4.473103105342434382e+00
2.000000000000000042e-02 2.000000000000000111e-01 -5.741782859129745731e+01 4.967131436518982923e+00
2.000000000000000042e-02 2.000000000000000111e-01 -5.610345424093544864e+01 4.441381696374180343e+00
2.000000000000000042e-02 2.000000000000000111e-01 -6.121169968413529006e+01 6.484679873654116022e+00
2.000000000000000042e-02 2.000000000000000111e-01 -5.536519645482370322e+01 4.146078581929479867e+00
2.000000000000000389e-02 2.500000000000000000e-01 -6.500000000000000000e+01 2.000000000000000000e+00
2.000000000000000042e-02 2.000000000000000111e-01 -6.401216048489267507e+01 7.604864193957068252e+00
2.000000000000000042e-02 2.000000000000000111e-01 -6.250883051122684009e+01 7.003532204490735324e+00
1.000000000000000056e-01 2.000000000000000111e-01 -6.500000000000000000e+01 2.000000000000000000e+00
2.000000000000000389e-02 2.500000000000000000e-01 -6.500000000000000000e+01 2.000000000000000000e+00
2.000000000000000042e-02 2.000000000000000111e-01 -5.652178509531686501e+01 4.608714038126746182e+00
2.000000000000000042e-02 2.000000000000000111e-01 -6.144978619966175160e+01 6.579914479864701349e+00
2.000000000000000042e-02 2.000000000000000111e-01 -6.256994129324361609e+01 7.027976517297446435e+00
2.000000000000000042e-02 2.000000000000000111e-01 -5.784589548875257492e+01 5.138358195501029790e+00
2.000000000000000042e-02 2.000000000000000111e-01 -5.712696588949810916e+01 4.850786355799243665e+00
2.000000000000000042e-02 2.000000000000000111e-01 -6.042517955662148665e+01 6.170071822648595550e+00
1.000000000000000056e-01 2.000000000000000111e-01 -6.500000000000000000e+01 2.000000000000000000e+00
2.000000000000000389e-02 2.500000000000000000e-01 -6.500000000000000000e+01 2.000000000000000000e+00
2.000000000000000042e-02 2.000000000000000111e-01 -5.531215911526336981e+01 4.124863646105348280e+00
2.000000000000000042e-02 2.000000000000000111e-01 -5.755215774004998508e+01 5.020863096019994920e+00
2.000000000000000042e-02 2.000000000000000111e-01 -6.402708019006558970e+01 7.610832076026238013e+00
2.000000000000000042e-02 2.000000000000000111e-01 -5.645124854869617792e+01 4.580499419478470280e+00
2.000000000000000042e-02 2.000000000000000111e-01 -5.535040002514956115e+01 4.140160010059824813e+00
2.000000000000000042e-02 2.000000000000000111e-01 -6.080646422905861925e+01 6.322585691623449300e+00
2.000000000000000042e-02 2.000000000000000111e-01 -6.103534224659360063e+01 6.414136898637440076e+00
2.000000000000000042e-02 2.000000000000000111e-01 -5.833727422302734311e+01 5.334909689210937778e+00
2.000000000000000042e-02 2.000000000000000111e-01 -5.661645860671734454e+01 4.646583442686938348e+00
2.000000000000000042e-02 2.000000000000000111e-01 -6.420277287117298215e+01 7.681109148469190018e+00
2.000000000000000042e-02 2.000000000000000111e-01 -5.511187202768389426e+01 4.044748811073558770e+00
2.000000000000000042e-02 2.000000000000000111e-01 -5.508773477788020045e+01 4.035093911152078938e+00
2.000000000000000042e-02 2.000000000000000111e-01 -5.983623319751109904e+01 5.934493279004440680e+00
2.000000000000000042e-02 2.000000000000000111e-01 -5.693861699596555326e+01 4.775446798386221658e+00
2.000000000000000042e-02 2.000000000000000111e-01 -6.142688630505725200e+01 6.570754522022899557e+00
2.000000000000000042e-02 2.000000000000000111e-01 -6.416899997229212715e+01 7.667599988916850684e+00
2.000000000000000042e-02 2.000000000000000111e-01 -6.103241017039612615e+01 6.412964068158450104e+00
2.000000000000000389e-02 2.500000000000000000e-01 -6.500000000000000000e+01 2.000000000000000000e+00
2.000000000000000042e-02 2.000000000000000111e-01 -5.678605565956195278e+01 4.714422263824780579e+00
2.000000000000000042e-02 2.000000000000000111e-01 -5.857704505036099363e+01 5.430818020144396741e+00
2.000000000000000042e-02 2.000000000000000111e-01 -5.623072211006647336e+01 4.492288844026589345e+00
1.000000000000000056e-01 2.000000000000000111e-01 -6.500000000000000000e+01 2.000000000000000000e+00
2.000000000000000389e-02 2.500000000000000000e-01 -6.500000000000000000e+01 2.000000000000000000e+00
2.000000000000000042e-02 2.000000000000000111e-01 -6.359276779684982728e+01 7.437107118739932687e+00
2.000000000000000042e-02 2.000000000000000111e-01 -6.300003216843770559e+01 7.200012867375081171e+00
1.000000000000000056e-01 2.000000000000000111e-01 -6.500000000000000000e+01 2.000000000000000000e+00
2.000000000000000042e-02 2.000000000000000111e-01 -5.530260983423517729e+01 4.121043933694071626e+00
2.000000000000000042e-02 2.000000000000000111e-01 -5.915706860681409296e+01 5.662827442725636651e+00
2.000000000000000042e-02 2.000000000000000111e-01 -5.956542117651141410e+01 5.826168470604565108e+00
2.000000000000000042e-02 2.000000000000000111e-01 -5.517420135259636993e+01 4.069680541038547261e+00
2.000000000000000042e-02 2.000000000000000111e-01 -5.949156612057019800e+01 5.796626448228077599e+00
1.000000000000000056e-01 2.000000000000000111e-01 -6.500000000000000000e+01 2.000000000000000000e+00
2.000000000000000042e-02 2.000000000000000111e-01 -6.327999284887130216e+01 7.311997139548520153e+00
2.000000000000000042e-02 2.000000000000000111e-01 -6.212985427894294332e+01 6.851941711577175909e+00
2.000000000000000389e-02 2.500000000000000000e-01 -6.500000000000000000e+01 2.000000000000000000e+00
2.000000000000000042e-02 2.000000000000000111e-01 -6.204870404651228455e+01 6.819481618604913642e+00
2.000000000000000042e-02 2.000000000000000111e-01 -5.735427871857292814e+01 4.941711487429169658e+00
2.000000000000000042e-02 2.000000000000000111e-01 -5.530945311092587247e+01 4.123781244370349874e+00
2.000000000000000042e-02 2.000000000000000111e-01 -5.765628323595758786e+01 5.062513294383035323e+00
2.000000000000000042e-02 2.000000000000000111e-01 -5.581902765662100308e+01 4.327611062648401230e+00
2.000000000000000042e-02 2.000000000000000111e-01 -5.558796701268412477e+01 4.235186805073649197e+00
2.000000000000000042e-02 2.000000000000000111e-01 -6.353161003896569525e+01 7.412644015586279167e+00
2.000000000000000389e-02 2.500000000000000000e-01 -6.500000000000000000e+01 2.000000000000000000e+00
2.000000000000000042e-02 2.000000000000000111e-01 -5.996024248992028305e+01 5.984096995968114285e+00
1.000000000000000056e-01 2.000000000000000111e-01 -6.500000000000000000e+01 2.000000000000000000e+00
2.000000000000000042e-02 2.000000000000000111e-01 -6.218785146191141422e+01 6.875140584764564800e+00
2.000000000000000042e-02 2.000000000000000111e-01 -5.651657024246296146e+01 4.606628096985184939e+00
2.000000000000000042e-02 2.000000000000000111e-01 -5.703119935586087053e+01 4.812479742344347500e+00
2.000000000000000042e-02 2.000000000000000111e-01 -5.548289449063357637e+01 4.193157796253430547e+00
2.000000000000000042e-02 2.000000000000000111e-01 -6.049311313000247026e+01 6.197245252000988636e+00
2.000000000000000042e-02 2.000000000000000111e-01 -5.573988213443598738e+01 4.295952853774394065e+00
2.000000000000000042e-02 2.000000000000000111e-01 -6.167647796429886853e+01 6.670591185719547234e+00
2.000000000000000042e-02 2.000000000000000111e-01 -5.513670918096835294e+01 4.054683672387340287e+00
2.000000000000000042e-02 2.000000000000000111e-01 -5.735683787721495719e+01 4.942735150885981810e+00
1.000000000000000056e-01 2.000000000000000111e-01 -6.500000000000000000e+01 2.000000000000000000e+00
2.000000000000000042e-02 2.000000000000000111e-01 -5.781889775615349691e+01 5.127559102461400009e+00
2.000000000000000042e-02 2.000000000000000111e-01 -6.332043099983779655e+01 7.328172399935118264e+00
2.000000000000000042e-02 2.000000000000000111e-01 -6.157009985686778464e+01 6.628039942747112612e+00
2.000000000000000042e-02 2.000000000000000111e-01 -5.876530433858513192e+01 5.506121735434051701e+00
2.000000000000000042e-02 2.000000000000000111e-01 -6.206535831236508471e+01 6.826143324946032820e+00
2.000000000000000042e-02 2.000000000000000111e-01 -6.191934441014106483e+01 6.767737764056426464e+00
2.000000000000000042e-02 2.000000000000000111e-01 -5.511823531905609741e+01 4.047294127622437898e+00
2.000000000000000042e-02 2.000000000000000111e-01 -5.614463493960813167e+01 4.457853975843252492e+00
2.000000000000000042e-02 2.000000000000000111e-01 -5.507223203154043745e+01 4.028892812616175156e+00
1.000000000000000056e-01 2.000000000000000111e-01 -6.500000000000000000e+01 2.000000000000000000e+00
2.000000000000000042e-02 2.000000000000000111e-01 -6.414245092508382129e+01 7.656980370033529937e+00
2.000000000000000042e-02 2.000000000000000111e-01 -6.341798938764075899e+01 7.367195755056304307e+00
2.000000000000000042e-02 2.000000000000000111e-01 -5.858725781672319499e+01 5.434903126689278885e+00
2.000000000000000042e-02 2.000000000000000111e-01 -6.211986110239806891e+01 6.847944440959226498e+00
2.000000000000000042e-02 2.000000000000000111e-01 -6.096905809874094473e+01 6.387623239496377892e+00
2.000000000000000042e-02 2.000000000000000111e-01 -5.820392844213575501e+01 5.281571376854302002e+00
2.000000000000000042e-02 2.000000000000000111e-01 -5.829856967520795763e+01 5.319427870083183407e+00
2.000000000000000042e-02 2.000000000000000111e-01 -5.808777365814974303e+01 5.235109463259897566e+00
2.000000000000000042e-02 2.000000000000000111e-01 -6.355407199211620650e+01 7.421628796846482246e+00
2.000000000000000042e-02 2.000000000000000111e-01 -5.541053666778851294e+01 4.164214667115406776e+00
1.000000000000000056e-01 2.000000000000000111e-01 -6.500000000000000000e+01 2.000000000000000000e+00
2.000000000000000042e-02 2.000000000000000111e-01 -6.022645659330068924e+01 6.090582637320276049e+00
2.000000000000000042e-02 2.000000000000000111e-01 -5.503251017392482680e+01 4.013004069569931609e+00
2.000000000000000042e-02 2.000000000000000111e-01 -5.504652073627931230e+01 4.018608294511725632e+00
1.000000000000000056e-01 2.000000000000000111e-01 -6.500000000000000000e+01 2.000000000000000000e+00
2.000000000000000042e-02 2.000000000000000111e-01 -6.468947439276678324e+01 7.875789757106710809e+00
2.000000000000000042e-02 2.000000000000000111e-01 -6.202070616548707704e+01 6.808282466194830462e+00
2.000000000000000042e-02 2.000000000000000111e-01 -5.503048261263790408e+01 4.012193045055161278e+00
2.000000000000000042e-02 2.000000000000000111e-01 -5.648917301075278630e+01 4.595669204301115585e+00
2.000000000000000042e-02 2.000000000000000111e-01 -6.273552714952317899e+01 7.094210859809272129e+00
2.000000000000000042e-02 2.000000000000000111e-01 -6.476356194385652998e+01 7.905424777542613413e+00
2.000000000000000042e-02 2.000000000000000111e-01 -6.174875295536175912e+01 6.699501182144702582e+00
2.000000000000000042e-02 2.000000000000000111e-01 -5.534496073905656743e+01 4.137984295622626263e+00
2.000000000000000042e-02 2.000000000000000111e-01 -5.528811989141234307e+01 4.115247956564938470e+00
2.000000000000000042e-02 2.000000000000000111e-01 -5.646675263047296056e+01 4.586701052189184225e+00
2.000000000000000389e-02 2.500000000000000000e-01 -6.500000000000000000e+01 2.000000000000000000e+00
2.000000000000000042e-02 2.000000000000000111e-01 -5.736990449027668859e+01 4.947961796110674548e+00
2.000000000000000042e-02 2.000000000000000111e-01 -6.071284665145071102e+01 6.285138660580285475e+00
2.000000000000000042e-02 2.000000000000000111e-01 -5.563995782231632603e+01 4.255983128926530412e+00
2.000000000000000042e-02 2.000000000000000111e-01 -5.707004857680873045e+01 4.828019430723491823e+00
2.000000000000000042e-02 2.000000000000000111e-01 -5.997425206998735092e+01 5.989700827994939303e+00
2.000000000000000042e-02 2.000000000000000111e-01 -5.764049356562882309e+01 5.056197426251528348e+00
2.000000000000000042e-02 2.000000000000000111e-01 -6.264503131975700967e+01 7.058012527902803868e+00
2.000000000000000042e-02 2.000000000000000111e-01 -5.566617148757217137e+01 4.266468595028866773e+00
1.000000000000000056e-01 2.000000000000000111e-01 -6.500000000000000000e+01 2.000000000000000000e+00
1.000000000000000056e-01 2.000000000000000111e-01 -6.500000000000000000e+01 2.000000000000000000e+00
2.000000000000000042e-02 2.000000000000000111e-01 -5.663719360686019400e+01 4.654877442744078664e+00
2.000000000000000042e-02 2.000000000000000111e-01 -5.661726198361671436e+01 4.646904793446685389e+00
2.000000000000000042e-02 2.000000000000000111e-01 -5.847950749627995037e+01 5.391802998511979084e+00
2.000000000000000042e-02 2.000000000000000111e-01 -5.524173698577293834e+01 4.096694794309174270e+00
2.000000000000000042e-02 2.000000000000000111e-01 -5.840341508497336775e+01 5.361366033989346747e+00
2.000000000000000042e-02 2.000000000000000111e-01 -6.389391285988287450e+01 7.557565143953148379e+00
1.000000000000000056e-01 2.000000000000000111e-01 -6.500000000000000000e+01 2.000000000000000000e+00
1.000000000000000056e-01 2.000000000000000111e-01 -6.500000000000000000e+01 2.000000000000000000e+00
1.000000000000000056e-01 2.000000000000000111e-01 -6.500000000000000000e+01 2.000000000000000000e+00
1.000000000000000056e-01 2.000000000000000111e-01 -6.500000000000000000e+01 2.000000000000000000e+00
2.000000000000000042e-02 2.000000000000000111e-01 -5.517272399992209841e+01 4.069089599968840787e+00
1.000000000000000056e-01 2.000000000000000111e-01 -6.500000000000000000e+01 2.000000000000000000e+00
2.000000000000000042e-02 2.000000000000000111e-01 -6.046971671347621680e+01 6.187886685390486363e+00
2.000000000000000042e-02 2.000000000000000111e-01 -5.562126638220152586e+01 4.248506552880609632e+00
1.000000000000000056e-01 2.000000000000000111e-01 -6.500000000000000000e+01 2.000000000000000000e+00
2.000000000000000042e-02 2.000000000000000111e-01 -5.504446155358214554e+01 4.017784621432858749e+00
2.000000000000000042e-02 2.000000000000000111e-01 -5.902044705085460663e+01 5.608178820341843007e+00
2.000000000000000042e-02 2.000000000000000111e-01 -5.516755275199399478e+01 4.067021100797599154e+00
2.000000000000000042e-02 2.000000000000000111e-01 -6.315638987515978897e+01 7.262555950063914523e+00
2.000000000000000042e-02 2.000000000000000111e-01 -6.420170503107421212e+01 7.680682012429683070e+00
2.000000000000000042e-02 2.000000000000000111e-01 -5.621656599952684275e+01 4.486626399810735855e+00
2.000000000000000042e-02 2.000000000000000111e-01 -5.657707683474450988e+01 4.630830733897803420e+00
1.000000000000000056e-01 2.000000000000000111e-01 -6.500000000000000000e+01 2.000000000000000000e+00
2.000000000000000042e-02 2.000000000000000111e-01 -6.005673583576730579e+01 6.022694334306922137e+00
2.000000000000000042e-02 2.000000000000000111e-01 -5.828115617728109044e+01 5.312462470912436174e+00
2.000000000000000042e-02 2.000000000000000111e-01 -5.509701671486018881e+01 4.038806685944076769e+00
2.000000000000000042e-02 2.000000000000000111e-01 -5.669784979285108761e+01 4.679139917140433980e+00
2.000000000000000042e-02 2.000000000000000111e-01 -6.301103221182675895e+01 7.204412884730704292e+00
2.000000000000000042e-02 2.000000000000000111e-01 -5.729623826886434301e+01 4.918495307545736495e+00
2.000000000000000042e-02 2.000000000000000111e-01 -6.310436923812302723e+01 7.241747695249209471e+00
2.000000000000000042e-02 2.000000000000000111e-01 -6.152847190130553656e+01 6.611388760522213914e+00
2.000000000000000042e-02 2.000000000000000111e-01 -5.500716393345375366e+01 4.002865573381502173e+00
2.000000000000000042e-02 2.000000000000000111e-01 -5.855315306990107160e+01 5.421261227960427753e+00
2.000000000000000042e-02 2.000000000000000111e-01 -5.730705248119870987e+01 4.922820992479485014e+00
2.000000000000000042e-02 2.000000000000000111e-01 -6.406284231615065039e+01 7.625136926460259978e+00
2.000000000000000042e-02 2.000000000000000111e-01 -6.489439831358151878e+01 7.957759325432606445e+00
2.000000000000000042e-02 2.000000000000000111e-01 -6.043062826423837208e+01 6.172251305695349188e+00
1.000000000000000056e-01 2.000000000000000111e-01 -6.500000000000000000e+01 2.000000000000000000e+00
2.000000000000000042e-02 2.000000000000000111e-01 -6.465967761317465090e+01 7.863871045269860360e+00
2.000000000000000042e-02 2.000000000000000111e-01 -5.500101878287587454e+01 4.000407513150350702e+00
2.000000000000000042e-02 2.000000000000000111e-01 -5.687713881342087063e+01 4.750855525368349319e+00
2.000000000000000042e-02 2.000000000000000111e-01 -6.172981662122133883e+01 6.691926648488535356e+00
1.000000000000000056e-01 2.000000000000000111e-01 -6.500000000000000000e+01 2.000000000000000000e+00
2.000000000000000042e-02 2.000000000000000111e-01 -5.933834348647873469e+01 5.735337394591494053e+00
2.000000000000000042e-02 2.000000000000000111e-01 -6.263986828708258514e+01 7.055947314833033168e+00
2.000000000000000042e-02 2.000000000000000111e-01 -6.496250043105081318e+01 7.985000172420322784e+00
2.000000000000000042e-02 2.000000000000000111e-01 -5.552356636648167409e+01 4.209426546592669460e+00
1.000000000000000056e-01 2.000000000000000111e-01 -6.500000000000000000e+01 2.000000000000000000e+00
2.000000000000000042e-02 2.000000000000000111e-01 -5.509654751328204725e+01 4.038619005312817478e+00
2.000000000000000389e-02 2.500000000000000000e-01 -6.500000000000000000e+01 2.000000000000000000e+00
2.000000000000000042e-02 2.000000000000000111e-01 -6.437910858917474854e+01 7.751643435669899773e+00
2.000000000000000042e-02 2.000000000000000111e-01 -6.183002489309031802e+01 6.732009957236126496e+00
2.000000000000000042e-02 2.000000000000000111e-01 -6.193775899231316373e+01 6.775103596925264426e+00
2.000000000000000042e-02 2.000000000000000111e-01 -6.495890983530398444e+01 7.983563934121595373e+00
2.000000000000000042e-02 2.000000000000000111e-01 -5.708962731187477857e+01 4.835850924749912849e+00
1.000000000000000056e-01 2.000000000000000111e-01 -6.500000000000000000e+01 2.000000000000000000e+00
2.000000000000000042e-02 2.000000000000000111e-01 -5.669234973975781600e+01 4.676939895903124977e+00
2.000000000000000042e-02 2.000000000000000111e-01 -5.568205985338693154e+01 4.272823941354772614e+00
2.000000000000000042e-02 2.000000000000000111e-01 -5.556806112198642467e+01 4.227224448794569156e+00
1.000000000000000056e-01 2.000000000000000111e-01 -6.500000000000000000e+01 2.000000000000000000e+00
1.000000000000000056e-01 2.000000000000000111e-01 -6.500000000000000000e+01 2.000000000000000000e+00
2.000000000000000042e-02 2.000000000000000111e-01 -5.523584238454309059e+01 4.094336953817236946e+00
2.000000000000000042e-02 2.000000000000000111e-01 -5.571558904185816630e+01 4.286235616743264920e+00
2.000000000000000042e-02 2.000000000000000111e-01 -5.522022821378910606e+01 4.088091285515642603e+00
2.000000000000000042e-02 2.000000000000000111e-01 -5.545390699332785545e+01 4.181562797331142889e+00
2.000000000000000042e-02 2.000000000000000111e-01 -6.105749371030593409e+01 6.422997484122372924e+00
2.000000000000000042e-02 2.000000000000000111e-01 -6.251981538497299340e+01 7.007926153989197715e+00
1.000000000000000056e-01 2.000000000000000111e-01 -6.500000000000000000e+01 2.000000000000000000e+00
2.000000000000000042e-02 2.000000000000000111e-01 -6.382798340481171806e+01 7.531193361924687579e+00
2.000000000000000042e-02 2.000000000000000111e-01 -5.692718566384754553e+01 4.770874265539019277e+00
2.000000000000000042e-02 2.000000000000000111e-01 -5.565646745416821517e+01 4.262586981667286778e+00
2.000000000000000389e-02 2.500000000000000000e-01 -6.500000000000000000e+01 2.000000000000000000e+00
2.000000000000000042e-02 2.000000000000000111e-01 -5.545272524140959547e+01 4.181090096563837122e+00
1.000000000000000056e-01 2.000000000000000111e-01 -6.500000000000000000e+01 2.000000000000000000e+00
2.000000000000000042e-02 2.000000000000000111e-01 -5.638653944609654189e+01 4.554615778438616758e+00
2.000000000000000042e-02 2.000000000000000111e-01 -5.543901193935398197e+01 4.175604775741591723e+00
2.000000000000000042e-02 2.000000000000000111e-01 -5.586514413739585194e+01 4.346057654958340954e+00
2.000000000000000042e-02 2.000000000000000111e-01 -5.527698558986080712e+01 4.110794235944323916e+00
2.000000000000000042e-02 2.000000000000000111e-01 -5.730857723677337390e+01 4.923430894709348138e+00
2.000000000000000042e-02 2.000000000000000111e-01 -6.422254532298939012e+01 7.689018129195758888e+00
1.000000000000000056e-01 2.000000000000000111e-01 -6.500000000000000000e+01 2.000000000000000000e+00
2.000000000000000389e-02 2.500000000000000000e-01 -6.500000000000000000e+01 2.000000000000000000e+00
1.000000000000000056e-01 2.000000000000000111e-01 -6.500000000000000000e+01 2.000000000000000000e+00
2.000000000000000042e-02 2.000000000000000111e-01 -5.506441151651931420e+01 4.025764606607724616e+00
2.000000000000000042e-02 2.000000000000000111e-01 -5.845227322100623013e+01 5.380909288402492940e+00
2.000000000000000042e-02 2.000000000000000111e-01 -5.859011295848847567e+01 5.436045183395391334e+00
2.000000000000000042e-02 2.000000000000000111e-01 -5.520370322304010102e+01 4.081481289216039698e+00
2.000000000000000389e-02 2.500000000000000000e-01 -6.500000000000000000e+01 2.000000000000000000e+00
2.000000000000000042e-02 2.000000000000000111e-01 -5.603415601651725098e+01 4.413662406606900568e+00
2.000000000000000042e-02 2.000000000000000111e-01 -5.540520361486801448e+01 4.162081445947205971e+00
2.000000000000000042e-02 2.000000000000000111e-01 -6.036590141146714927e+01 6.146360564586860420e+00
1.000000000000000056e-01 2.000000000000000111e-01 -6.500000000000000000e+01 2.000000000000000000e+00
2.000000000000000042e-02 2.000000000000000111e-01 -5.643566781700160107e+01 4.574267126800640959e+00
2.000000000000000042e-02 2.000000000000000111e-01 -5.659454645307166487e+01 4.637818581228665415e+00
2.000000000000000042e-02 2.000000000000000111e-01 -5.561145322551145398e+01 4.244581290204581414e+00
2.000000000000000042e-02 2.000000000000000111e-01 -6.285318674413206708e+01 7.141274697652825409e+00
2.000000000000000042e-02 2.000000000000000111e-01 -6.172321005816685613e+01 6.689284023266742096e+00
2.000000000000000042e-02 2.000000000000000111e-01 -5.838693604246417834e+01 5.354774416985671692e+00
2.000000000000000042e-02 2.000000000000000111e-01 -5.657322416626732320e+01 4.629289666506928747e+00
2.000000000000000389e-02 2.500000000000000000e-01 -6.500000000000000000e+01 2.000000000000000000e+00
2.000000000000000042e-02 2.000000000000000111e-01 -5.538184578734010444e+01 4.152738314936042840e+00
2.000000000000000042e-02 2.000000000000000111e-01 -5.839346735191513460e+01 5.357386940766053485e+00
1.000000000000000056e-01 2.000000000000000111e-01 -6.500000000000000000e+01 2.000000000000000000e+00
2.000000000000000042e-02 2.000000000000000111e-01 -6.480657227290242872e+01 7.922628909160971844e+00
2.000000000000000389e-02 2.500000000000000000e-01 -6.500000000000000000e+01 2.000000000000000000e+00
1.000000000000000056e-01 2.000000000000000111e-01 -6.500000000000000000e+01 2.000000000000000000e+00
2.000000000000000042e-02 2.000000000000000111e-01 -5.591232572405598233e+01 4.364930289622394710e+00
1.000000000000000056e-01 2.000000000000000111e-01 -6.500000000000000000e+01 2.000000000000000000e+00
2.000000000000000042e-02 2.000000000000000111e-01 -6.208900513345654559e+01 6.835602053382618948e+00
2.000000000000000042e-02 2.000000000000000111e-01 -5.669894997380631452e+01 4.679579989522524741e+00
2.000000000000000042e-02 2.000000000000000111e-01 -5.952067778938071285e+01 5.808271115752283720e+00
2.000000000000000042e-02 2.000000000000000111e-01 -5.782845479730112004e+01 5.131381918920448371e+00
1.000000000000000056e-01 2.000000000000000111e-01 -6.500000000000000000e+01 2.000000000000000000e+00
2.000000000000000042e-02 2.000000000000000111e-01 -5.505981192566830629e+01 4.023924770267321094e+00
2.000000000000000042e-02 2.000000000000000111e-01 -6.000534897731372297e+01 6.002139590925489543e+00
1.000000000000000056e-01 2.000000000000000111e-01 -6.500000000000000000e+01 2.000000000000000000e+00
2.000000000000000042e-02 2.000000000000000111e-01 -5.641936402047522137e+01 4.567745608190088014e+00
2.000000000000000042e-02 2.000000000000000111e-01 -5.604263335242398369e+01 4.417053340969594011e+00
2.000000000000000042e-02 2.000000000000000111e-01 -5.714858289859312634e+01 4.859433159437250183e+00
1.000000000000000056e-01 2.000000000000000111e-01 -6.500000000000000000e+01 2.000000000000000000e+00
1.000000000000000056e-01 2.000000000000000111e-01 -6.500000000000000000e+01 2.000000000000000000e+00
2.000000000000000042e-02 2.000000000000000111e-01 -6.103368469990059708e+01 6.413473879960237767e+00
2.000000000000000042e-02 2.000000000000000111e-01 -6.492886426610571959e+01 7.971545706442286772e+00
1.000000000000000056e-01 2.000000000000000111e-01 -6.500000000000000000e+01 2.000000000000000000e+00
2.000000000000000042e-02 2.000000000000000111e-01 -5.787885889308540044e+01 5.151543557234161241e+00
2.000000000000000042e-02 2.000000000000000111e-01 -5.645868092619525669e+01 4.583472370478102853e+00
2.000000000000000042e-02 2.000000000000000111e-01 -6.306770807764060294e+01 7.227083231056242951e+00
2.000000000000000042e-02 2.000000000000000111e-01 -5.519058308084317588e+01 4.076233232337269641e+00
2.000000000000000042e-02 2.000000000000000111e-01 -5.781731296520737118e+01 5.126925186082949892e+00
1.000000000000000056e-01 2.000000000000000111e-01 -6.500000000000000000e+01 2.000000000000000000e+00
2.000000000000000042e-02 2.000000000000000111e-01 -5.849470435950284752e+01 5.397881743801140608e+00
2.000000000000000042e-02 2.000000000000000111e-01 -5.659933050869933169e+01 4.639732203479733030e+00
2.000000000000000042e-02 2.000000000000000111e-01 -5.735380068588774094e+01 4.941520274355096554e+00
1.000000000000000056e-01 2.000000000000000111e-01 -6.500000000000000000e+01 2.000000000000000000e+00
1.000000000000000056e-01 2.000000000000000111e-01 -6.500000000000000000e+01 2.000000000000000000e+00
2.000000000000000042e-02 2.000000000000000111e-01 -6.444371647326050834e+01 7.777486589304202447e+00
2.000000000000000042e-02 2.000000000000000111e-01 -6.315106184300904602e+01 7.260424737203616807e+00
2.000000000000000042e-02 2.000000000000000111e-01 -5.594802863250987457e+01 4.379211453003949650e+00
1.000000000000000056e-01 2.000000000000000111e-01 -6.500000000000000000e+01 2.000000000000000000e+00
2.000000000000000042e-02 2.000000000000000111e-01 -6.236649920269063330e+01 6.946599681076252253e+00
2.000000000000000042e-02 2.000000000000000111e-01 -6.144196425489971602e+01 6.576785701959884989e+00
2.000000000000000042e-02 2.000000000000000111e-01 -6.322566632620821991e+01 7.290266530483288321e+00
2.000000000000000042e-02 2.000000000000000111e-01 -5.715306398045247960e+01 4.861225592180991484e+00
2.000000000000000042e-02 2.000000000000000111e-01 -5.766123675579728314e+01 5.064494702318913077e+00
2.000000000000000389e-02 2.500000000000000000e-01 -6.500000000000000000e+01 2.000000000000000000e+00
2.000000000000000042e-02 2.000000000000000111e-01 -6.442451895034623988e+01 7.769807580138493819e+00
1.000000000000000056e-01 2.000000000000000111e-01 -6.500000000000000000e+01 2.000000000000000000e+00
2.000000000000000042e-02 2.000000000000000111e-01 -5.551169211721123986e+01 4.204676846884496833e+00
2.000000000000000042e-02 2.000000000000000111e-01 -5.716359193119335202e+01 4.865436772477342409e+00
2.000000000000000042e-02 2.000000000000000111e-01 -5.666542988049685903e+01 4.666171952198742368e+00
2.000000000000000042e-02 2.000000000000000111e-01 -6.346092938971384712e+01 7.384371755885537958e+00
2.000000000000000042e-02 2.000000000000000111e-01 -5.526319909300313782e+01 4.105279637201254772e+00
2.000000000000000042e-02 2.000000000000000111e-01 -5.567640256433919888e+01 4.270561025735680083e+00
2.000000000000000042e-02 2.000000000000000111e-01 -5.726996773458787970e+01 4.907987093835152415e+00
2.000000000000000042e-02 2.000000000000000111e-01 -5.551191516285037153e+01 4.204766065140147724e+00
2.000000000000000042e-02 2.000000000000000111e-01 -6.382190411265244023e+01 7.528761645060976448e+00
2.000000000000000042e-02 2.000000000000000111e-01 -5.544151801033437010e+01 4.176607204133747864e+00
1.000000000000000056e-01 2.000000000000000111e-01 -6.500000000000000000e+01 2.000000000000000000e+00
2.000000000000000042e-02 2.000000000000000111e-01 -6.118756866379874282e+01 6.475027465519495706e+00
2.000000000000000042e-02 2.000000000000000111e-01 -5.798766856148147042e+01 5.195067424592589411e+00
2.000000000000000042e-02 2.000000000000000111e-01 -5.766191065504050073e+01 5.064764262016199226e+00
2.000000000000000042e-02 2.000000000000000111e-01 -5.552986309218837846e+01 4.211945236875351384e+00
2.000000000000000042e-02 2.000000000000000111e-01 -6.469975442259631393e+01 7.879901769038527348e+00
2.000000000000000042e-02 2.000000000000000111e-01 -6.007933006096023121e+01 6.031732024384093727e+00
2.000000000000000042e-02 2.000000000000000111e-01 -5.500010417438901555e+01 4.000041669755606932e+00
2.000000000000000042e-02 2.000000000000000111e-01 -6.008595659423946245e+01 6.034382637695783203e+00
2.000000000000000042e-02 2.000000000000000111e-01 -5.614765795445759267e+01 4.459063181783036178e+00
2.000000000000000042e-02 2.000000000000000111e-01 -5.750689897666094907e+01 5.002759590664378919e+00
2.000000000000000042e-02 2.000000000000000111e-01 -5.500716625721933895e+01 4.002866502887735045e+00
2.000000000000000042e-02 2.000000000000000111e-01 -5.967668140306316360e+01 5.870672561225264374e+00
2.000000000000000042e-02 2.000000000000000111e-01 -5.522925417956474803e+01 4.091701671825900277e+00
2.000000000000000042e-02 2.000000000000000111e-01 -5.705486379224100801e+01 4.821945516896404271e+00
2.000000000000000042e-02 2.000000000000000111e-01 -5.704792272420910137e+01 4.819169089683640550e+00
2.000000000000000042e-02 2.000000000000000111e-01 -5.670307518890018628e+01 4.681230075560074866e+00
2.000000000000000042e-02 2.000000000000000111e-01 -6.024371145031715002e+01 6.097484580126859122e+00
1.000000000000000056e-01 2.000000000000000111e-01 -6.500000000000000000e+01 2.000000000000000000e+00
2.000000000000000042e-02 2.000000000000000111e-01 -6.452875181159568285e+01 7.811500724638273496e+00
2.000000000000000042e-02 2.000000000000000111e-01 -5.730687578026733320e+01 4.922750312106932036e+00
1.000000000000000056e-01 2.000000000000000111e-01 -6.500000000000000000e+01 2.000000000000000000e+00
2.000000000000000042e-02 2.000000000000000111e-01 -5.967476793528010148e+01 5.869907174112041659e+00
2.000000000000000042e-02 2.000000000000000111e-01 -6.297972313123720056e+01 7.191889252494881646e+00
2.000000000000000042e-02 2.000000000000000111e-01 -5.760173382904463324e+01 5.040693531617852052e+00
2.000000000000000042e-02 2.000000000000000111e-01 -5.935418429577474342e+01 5.741673718309898256e+00
2.000000000000000042e-02 2.000000000000000111e-01 -5.809086640103481614e+01 5.236346560413926987e+00
2.000000000000000042e-02 2.000000000000000111e-01 -5.533518666053738855e+01 4.134074664214955952e+00
2.000000000000000389e-02 2.500000000000000000e-01 -6.500000000000000000e+01 2.000000000000000000e+00
1.000000000000000056e-01 2.000000000000000111e-01 -6.500000000000000000e+01 2.000000000000000000e+00
1.000000000000000056e-01 2.000000000000000111e-01 -6.500000000000000000e+01 2.000000000000000000e+00
2.000000000000000042e-02 2.000000000000000111e-01 -5.927075783254859687e+01 5.708303133019438036e+00
2.000000000000000042e-02 2.000000000000000111e-01 -5.873847413638681303e+01 5.495389654554726278e+00
1.000000000000000056e-01 2.000000000000000111e-01 -6.500000000000000000e+01 2.000000000000000000e+00
2.000000000000000042e-02 2.000000000000000111e-01 -6.366689754814247237e+01 7.466759019256987706e+00
2.000000000000000042e-02 2.000000000000000111e-01 -5.909140911508254135e+01 5.636563646033015296e+00
2.000000000000000042e-02 2.000000000000000111e-01 -6.050405616525377894e+01 6.201622466101512465e+00
2.000000000000000042e-02 2.000000000000000111e-01 -5.649455848121462509e+01 4.597823392485850924e+00
2.000000000000000042e-02 2.000000000000000111e-01 -6.338243732905460348e+01 7.352974931621842458e+00
2.000000000000000042e-02 2.000000000000000111e-01 -5.507904783484730160e+01 4.031619133938921351e+00
2.000000000000000042e-02 2.000000000000000111e-01 -6.183107065908738775e+01 6.732428263634956167e+00
2.000000000000000042e-02 2.000000000000000111e-01 -5.513136878842551170e+01 4.052547515370204856e+00
2.000000000000000042e-02 2.000000000000000111e-01 -6.203677093642276930e+01 6.814708374569107718e+00
2.000000000000000042e-02 2.000000000000000111e-01 -6.480710743269347063e+01 7.922842973077390383e+00
2.000000000000000042e-02 2.000000000000000111e-01 -6.169668266234114640e+01 6.678673064936457848e+00
2.000000000000000042e-02 2.000000000000000111e-01 -5.507711900054864174e+01 4.030847600219456872e+00
2.000000000000000042e-02 2.000000000000000111e-01 -5.761491070893912791e+01 5.045964283575651521e+00
2.000000000000000042e-02 2.000000000000000111e-01 -5.526661770064483648e+01 4.106647080257933347e+00
2.000000000000000042e-02 2.000000000000000111e-01 -5.704071782783818634e+01 4.816287131135275956e+00
2.000000000000000042e-02 2.000000000000000111e-01 -6.346900657935736234e+01 7.387602631742945292e+00
2.000000000000000042e-02 2.000000000000000111e-01 -6.480351085365886377e+01 7.921404341463544441e+00
2.000000000000000042e-02 2.000000000000000111e-01 -6.437084137510102266e+01 7.748336550040411552e+00
2.000000000000000042e-02 2.000000000000000111e-01 -5.931172707191186078e+01 5.724690828764745554e+00
2.000000000000000042e-02 2.000000000000000111e-01 -5.829055442035473789e+01 5.316221768141896398e+00
2.000000000000000042e-02 2.000000000000000111e-01 -5.500001468836830298e+01 4.000005875347320661e+00
2.000000000000000042e-02 2.000000000000000111e-01 -5.886996263448436650e+01 5.547985053793746069e+00
2.000000000000000042e-02 2.000000000000000111e-01 -6.315444442344224285e+01 7.261777769376898561e+00
2.000000000000000042e-02 2.000000000000000111e-01 -6.023098401835518700e+01 6.092393607342073025e+00
2.000000000000000042e-02 2.000000000000000111e-01 -5.502836813358941725e+01 4.011347253435766369e+00
2.000000000000000042e-02 2.000000000000000111e-01 -6.424202891961704154e+01 7.696811567846818747e+00
2.000000000000000042e-02 2.000000000000000111e-01 -6.012410756129712297e+01 6.049643024518850609e+00
2.000000000000000042e-02 2.000000000000000111e-01 -5.544221858580317530e+01 4.176887434321268522e+00
2.000000000000000042e-02 2.000000000000000111e-01 -5.926399261015006914e+01 5.705597044060028544e+00
1.000000000000000056e-01 2.000000000000000111e-01 -6.500000000000000000e+01 2.000000000000000000e+00
1.000000000000000056e-01 2.000000000000000111e-01 -6.500000000000000000e+01 2.000000000000000000e+00
2.000000000000000042e-02 2.000000000000000111e-01 -6.349826421234837426e+01 7.399305684939349703e+00
2.000000000000000042e-02 2.000000000000000111e-01 -6.106777165384244910e+01 6.427108661536979461e+00
2.000000000000000042e-02 2.000000000000000111e-01 -5.983446190800727749e+01 5.933784763202911705e+00
2.000000000000000042e-02 2.000000000000000111e-01 -5.685693447043325222e+01 4.742773788173302307e+00
2.000000000000000042e-02 2.000000000000000111e-01 -5.523232330889712216e+01 4.092929323558848864e+00
2.000000000000000042e-02 2.000000000000000111e-01 -6.030946334958455424e+01 6.123785339833823116e+00
2.000000000000000042e-02 2.000000000000000111e-01 -5.502864962273255856e+01 4.011459849093023777e+00
2.000000000000000042e-02 2.000000000000000111e-01 -5.842602561719466792e+01 5.370410246877867166e+00
2.000000000000000042e-02 2.000000000000000111e-01 -5.616515756606870013e+01 4.466063026427481653e+00
2.000000000000000042e-02 2.000000000000000111e-01 -5.863903660228772452e+01 5.455614640915088742e+00
2.000000000000000042e-02 2.000000000000000111e-01 -5.507556197818786359e+01 4.030224791275144547e+00
2.000000000000000042e-02 2.000000000000000111e-01 -5.649965795281269720e+01 4.599863181125080303e+00
2.000000000000000042e-02 2.000000000000000111e-01 -5.533830450567586468e+01 4.135321802270345515e+00
2.000000000000000389e-02 2.500000000000000000e-01 -6.500000000000000000e+01 2.000000000000000000e+00
2.000000000000000042e-02 2.000000000000000111e-01 -6.356391352302559028e+01 7.425565409210236112e+00
1.000000000000000056e-01 2.000000000000000111e-01 -6.500000000000000000e+01 2.000000000000000000e+00
2.000000000000000042e-02 2.000000000000000111e-01 -5.849733581089275702e+01 5.398934324357103520e+00
2.000000000000000042e-02 2.000000000000000111e-01 -6.380412632495651337e+01 7.521650529982606415e+00
1.000000000000000056e-01 2.000000000000000111e-01 -6.500000000000000000e+01 2.000000000000000000e+00
2.000000000000000042e-02 2.000000000000000111e-01 -6.430673717976944204e+01 7.722694871907775038e+00
1.000000000000000056e-01 2.000000000000000111e-01 -6.500000000000000000e+01 2.000000000000000000e+00
2.000000000000000042e-02 2.000000000000000111e-01 -5.521037011109977044e+01 4.084148044439909420e+00
1.000000000000000056e-01 2.000000000000000111e-01 -6.500000000000000000e+01 2.000000000000000000e+00
1.000000000000000056e-01 2.000000000000000111e-01 -6.500000000000000000e+01 2.000000000000000000e+00
1.000000000000000056e-01 2.000000000000000111e-01 -6.500000000000000000e+01 2.000000000000000000e+00
2.000000000000000042e-02 2.000000000000000111e-01 -5.554462428838123600e+01 4.217849715352494755e+00
2.000000000000000042e-02 2.000000000000000111e-01 -5.681684066857394555e+01 4.726736267429576976e+00
2.000000000000000042e-02 2.000000000000000111e-01 -5.789973778349610001e+01 5.159895113398440536e+00
2.000000000000000042e-02 2.000000000000000111e-01 -5.666888585103791343e+01 4.667554340415165370e+00
2.000000000000000042e-02 2.000000000000000111e-01 -5.858805271219376465e+01 5.435221084877506215e+00
2.000000000000000042e-02 2.000000000000000111e-01 -5.595533589489772197e+01 4.382134357959087900e+00
2.000000000000000042e-02 2.000000000000000111e-01 -5.517943785270765744e+01 4.071775141083063154e+00
1.000000000000000056e-01 2.000000000000000111e-01 -6.500000000000000000e+01 2.000000000000000000e+00
2.000000000000000389e-02 2.500000000000000000e-01 -6.500000000000000000e+01 2.000000000000000000e+00
2.000000000000000042e-02 2.000000000000000111e-01 -5.567901404406378418e+01 4.271605617625515272e+00
2.000000000000000042e-02 2.000000000000000111e-01 -5.664597118369506035e+01 4.658388473478023428e+00
2.000000000000000042e-02 2.000000000000000111e-01 -5.929221114187664199e+01 5.716884456750656263e+00
2.000000000000000042e-02 2.000000000000000111e-01 -5.784541038779340028e+01 5.138164155117360465e+00
2.000000000000000042e-02 2.000000000000000111e-01 -6.332164925403734657e+01 7.328659701614938626e+00
1.000000000000000056e-01 2.000000000000000111e-01 -6.500000000000000000e+01 2.000000000000000000e+00
2.000000000000000042e-02 2.000000000000000111e-01 -6.109386010572833214e+01 6.437544042291332147e+00
2.000000000000000042e-02 2.000000000000000111e-01 -5.519262709529387934e+01 4.077050838117551201e+00
2.000000000000000389e-02 2.500000000000000000e-01 -6.500000000000000000e+01 2.000000000000000000e+00
2.000000000000000042e-02 2.000000000000000111e-01 -6.337047072452212859e+01 7.348188289808852858e+00
2.000000000000000042e-02 2.000000000000000111e-01 -5.650440261181245916e+01 4.601761044724983485e+00
2.000000000000000042e-02 2.000000000000000111e-01 -5.920154578433518822e+01 5.680618313734074221e+00
