2.000000000000000042e-02 2.000000000000000111e-01 -5.587276644181478247e+01 4.349106576725912277e+00
2.000000000000000042e-02 2.000000000000000111e-01 -5.784558229342349023e+01 5.138232917369395025e+00
2.000000000000000042e-02 2.000000000000000111e-01 -5.864812405246771476e+01 5.459249620987084661e+00
2.000000000000000042e-02 2.000000000000000111e-01 -5.510975110279256484e+01 4.043900441117026290e+00
2.000000000000000042e-02 2.000000000000000111e-01 -5.509544813257505780e+01 4.038179253030024007e+00
1.000000000000000056e-01 2.000000000000000111e-01 -6.500000000000000000e+01 2.000000000000000000e+00
1.000000000000000056e-01 2.000000000000000111e-01 -6.500000000000000000e+01 2.000000000000000000e+00
1.000000000000000056e-01 2.000000000000000111e-01 -6.500000000000000000e+01 2.000000000000000000e+00
2.000000000000000389e-02 2.500000000000000000e-01 -6.500000000000000000e+01 2.000000000000000000e+00
2.000000000000000042e-02 2.000000000000000111e-01 -5.512755212341333788e+01 4.051020849365336574e+00
2.000000000000000042e-02 2.000000000000000111e-01 -6.333981029657724804e+01 7.335924118630898327e+00
2.000000000000000042e-02 2.000000000000000111e-01 -5.624470274469719300e+01 4.497881097878877910e+00
2.000000000000000042e-02 2.000000000000000111e-01 -5.646052807877758539e+01 4.584211231511035045e+00
2.000000000000000042e-02 2.000000000000000111e-01 -6.438062141279829120e+01 7.752248565119318258e+00
2.000000000000000042e-02 2.000000000000000111e-01 -5.598414511835112251e+01 4.393658047340448292e+00
1.000000000000000056e-01 2.000000000000000111e-01 -6.500000000000000000e+01 2.000000000000000000e+00
2.000000000000000042e-02 2.000000000000000111e-01 -5.527650599763193640e+01 4.110602399052774913e+00
1.000000000000000056e-01 2.000000000000000111e-01 -6.500000000000000000e+01 2.000000000000000000e+00
2.000000000000000042e-02 2.000000000000000111e-01 -5.501664199117913512e+01 4.006656796471654403e+00
2.000000000000000042e-02 2.000000000000000111e-01 -5.931911087335525679e+01 5.727644349342103425e+00
2.000000000000000042e-02 2.000000000000000111e-01 -6.019723437704632119e+01 6.078893750818529895e+00
2.000000000000000042e-02 2.000000000000000111e-01 -5.647124385882175091e+01 4.588497543528700540e+00
2.000000000000000042e-02 2.000000000000000111e-01 -5.556425431625806510e+01 4.225701726503226396e+00
2.000000000000000042e-02 2.000000000000000111e-01 -5.643766097520250469e+01 4.575064390081001520e+00
2.000000000000000042e-02 2.000000000000000111e-01 -6.348771581055289914e+01 7.395086324221157525e+00
1.000000000000000056e-01 2.000000000000000111e-01 -6.500000000000000000e+01 2.000000000000000000e+00
2.000000000000000042e-02 2.000000000000000111e-01 -6.043144587566220594e+01 6.172578350264881664e+00
2.000000000000000042e-02 2.000000000000000111e-01 -5.847403087272253686e+01 5.389612349089014209e+00
1.000000000000000056e-01 2.000000000000000111e-01 -6.500000000000000000e+01 2.000000000000000000e+00
1.000000000000000056e-01 2.000000000000000111e-01 -6.500000000000000000e+01 2.000000000000000000e+00
2.000000000000000042e-02 2.000000000000000111e-01 -5.975910934185047552e+01 5.903643736740189496e+00
2.000000000000000042e-02 2.000000000000000111e-01 -5.520021424952234668e+01 4.080085699808940092e+00
2.000000000000000042e-02 2.000000000000000111e-01 -5.934877830816623856e+01 5.739511323266494713e+00
2.000000000000000042e-02 2.000000000000000111e-01 -5.706899021254640303e+01 4.827596085018560856e+00
2.000000000000000042e-02 2.000000000000000111e-01 -5.617912043568822611e+01 4.471648174275291154e+00
2.000000000000000042e-02 2.000000000000000111e-01 -5.539001063491300414e+01 4.156004253965201123e+00
2.000000000000000042e-02 2.000000000000000111e-01 -6.335499294802849590e+01 7.341997179211396940e+00
2.000000000000000042e-02 2.000000000000000111e-01 -6.000216725872400758e+01 6.000866903489603388e+00
2.000000000000000042e-02 2.000000000000000111e-01 -5.687745361115710097e+01 4.750981444462841097e+00
2.000000000000000042e-02 2.000000000000000111e-01 -6.009303464971196007e+01 6.037213859884784206e+00
2.000000000000000042e-02 2.000000000000000111e-01 -5.506547859567107395e+01 4.026191438268428513e+00
2.000000000000000042e-02 2.000000000000000111e-01 -6.135987496519118167e+01 6.543949986076473380e+00
2.000000000000000042e-02 2.000000000000000111e-01 -5.587664025432491854e+01 4.350656101729966529e+00
2.000000000000000042e-02 2.000000000000000111e-01 -5.500849384234758332e+01 4.003397536939034218e+00
2.000000000000000042e-02 2.000000000000000111e-01 -6.345007847297639358e+01 7.380031389190557789e+00
2.000000000000000042e-02 2.000000000000000111e-01 -5.572550773858674233e+01 4.290203095434698355e+00
1.000000000000000056e-01 2.000000000000000111e-01 -6.500000000000000000e+01 2.000000000000000000e+00
2.000000000000000042e-02 2.000000000000000111e-01 -5.608531017759865733e+01 4.434124071039462933e+00
2.000000000000000389e-02 2.500000000000000000e-01 -6.500000000000000000e+01 2.000000000000000000e+00
2.000000000000000042e-02 2.000000000000000111e-01 -6.103992705396317575e+01 6.415970821585268880e+00
2.000000000000000042e-02 2.000000000000000111e-01 -6.093824877798565609e+01 6.375299511194262081e+00
2.000000000000000389e-02 2.500000000000000000e-01 -6.500000000000000000e+01 2.000000000000000000e+00
1.000000000000000056e-01 2.000000000000000111e-01 -6.500000000000000000e+01 2.000000000000000000e+00
2.000000000000000042e-02 2.000000000000000111e-01 -5.529881551560046660e+01 4.119526206240187172e+00
2.000000000000000042e-02 2.000000000000000111e-01 -5.517292402084201797e+01 4.069169608336808075e+00
2.000000000000000042e-02 2.000000000000000111e-01 -5.563312767737314601e+01 4.253251070949258583e+00
2.000000000000000042e-02 2.000000000000000111e-01 -6.253591830384718975e+01 7.014367321538875544e+00
2.000000000000000042e-02 2.000000000000000111e-01 -6.127388591297105336e+01 6.509554365188421343e+00
2.000000000000000042e-02 2.000000000000000111e-01 -6.368307042274654606e+01 7.473228169098618423e+00
2.000000000000000042e-02 2.000000000000000111e-01 -5.509362583988803408e+01 4.037450335955212743e+00
1.000000000000000056e-01 2.000000000000000111e-01 -6.500000000000000000e+01 2.000000000000000000e+00
1.000000000000000056e-01 2.000000000000000111e-01 -6.500000000000000000e+01 2.000000000000000000e+00
2.000000000000000042e-02 2.000000000000000111e-01 -5.924699199788202719e+01 5.698796799152811232e+00
2.000000000000000042e-02 2.000000000000000111e-01 -5.574595684957229480e+01 4.298382739828918275e+00
1.000000000000000056e-01 2.000000000000000111e-01 -6.500000000000000000e+01 2.000000000000000000e+00
2.000000000000000042e-02 2.000000000000000111e-01 -5.504188549610478276e+01 4.016754198441913282e+00
1.000000000000000056e-01 2.000000000000000111e-01 -6.500000000000000000e+01 2.000000000000000000e+00
2.000000000000000042e-02 2.000000000000000111e-01 -6.115551401200351478e+01 6.462205604801406267e+00
1.000000000000000056e-01 2.000000000000000111e-01 -6.500000000000000000e+01 2.000000000000000000e+00
1.000000000000000056e-01 2.000000000000000111e-01 -6.500000000000000000e+01 2.000000000000000000e+00
2.000000000000000042e-02 2.000000000000000111e-01 -5.717414681788990549e+01 4.869658727155963263e+00
2.000000000000000389e-02 2.500000000000000000e-01 -6.500000000000000000e+01 2.000000000000000000e+00
2.000000000000000042e-02 2.000000000000000111e-01 -6.223782524179663511e+01 6.895130096718654400e+00
2.000000000000000042e-02 2.000000000000000111e-01 -5.705194430368091929e+01 4.820777721472366828e+00
2.000000000000000042e-02 2.000000000000000111e-01 -6.374036041200508862e+01 7.496144164802034382e+00
1.000000000000000056e-01 2.000000000000000111e-01 -6.500000000000000000e+01 2.000000000000000000e+00
2.000000000000000042e-02 2.000000000000000111e-01 -5.756628356911310362e+01 5.026513427645242338e+00
2.000000000000000042e-02 2.000000000000000111e-01 -6.124091023093392749e+01 6.496364092373569932e+00
2.000000000000000042e-02 2.000000000000000111e-01 -5.749781141578453258e+01 4.999124566313811968e+00
2.000000000000000042e-02 2.000000000000000111e-01 -5.776549137963441893e+01 5.106196551853768639e+00
1.000000000000000056e-01 2.000000000000000111e-01 -6.500000000000000000e+01 2.000000000000000000e+00
2.000000000000000042e-02 2.000000000000000111e-01 -6.439701922324931616e+01 7.758807689299725752e+00
2.000000000000000042e-02 2.000000000000000111e-01 -5.771605899654843341e+01 5.086423598619372655e+00
1.000000000000000056e-01 2.000000000000000111e-01 -6.500000000000000000e+01 2.000000000000000000e+00
2.000000000000000042e-02 2.000000000000000111e-01 -5.654693179981907036e+01 4.618772719927627612e+00
1.000000000000000056e-01 2.000000000000000111e-01 -6.500000000000000000e+01 2.000000000000000000e+00
2.000000000000000042e-02 2.000000000000000111e-01 -5.500174797819413897e+01 4.000699191277654165e+00
2.000000000000000042e-02 2.000000000000000111e-01 -5.500000643928607502e+01 4.000002575714430186e+00
2.000000000000000042e-02 2.000000000000000111e-01 -5.632530367680879380e+01 4.530121470723518229e+00
2.000000000000000042e-02 2.000000000000000111e-01 -6.191204496679558389e+01 6.764817986718234977e+00
2.000000000000000042e-02 2.000000000000000111e-01 -6.035276521467900324e+01 6.141106085871600229e+00
2.000000000000000042e-02 2.000000000000000111e-01 -5.777512575273264872e+01 5.110050301093060909e+00
2.000000000000000042e-02 2.000000000000000111e-01 -5.818088060254604699e+01 5.272352241018418262e+00
1.000000000000000056e-01 2.000000000000000111e-01 -6.500000000000000000e+01 2.000000000000000000e+00
2.000000000000000042e-02 2.000000000000000111e-01 -6.060913552432698737e+01 6.243654209730796545e+00
2.000000000000000042e-02 2.000000000000000111e-01 -5.826948636577684226e+01 5.307794546310736550e+00
2.000000000000000042e-02 2.000000000000000111e-01 -5.500086350708206595e+01 4.000345402832827801e+00
2.000000000000000042e-02 2.000000000000000111e-01 -6.073708345457974644e+01 6.294833381831898222e+00
2.000000000000000042e-02 2.000000000000000111e-01 -6.129995857918406443e+01 6.519983431673627372e+00
2.000000000000000042e-02 2.000000000000000111e-01 -5.634996948789392235e+01 4.539987795157570005e+00
1.000000000000000056e-01 2.000000000000000111e-01 -6.500000000000000000e+01 2.000000000000000000e+00
2.000000000000000042e-02 2.000000000000000111e-01 -5.531470455924337415e+01 4.125881823697350015e+00
2.000000000000000042e-02 2.000000000000000111e-01 -5.815715823730979395e+01 5.262863294923918467e+00
2.000000000000000042e-02 2.000000000000000111e-01 -5.968958817044792653e+01 5.875835268179169901e+00
2.000000000000000042e-02 2.000000000000000111e-01 -6.355086520511709836e+01 7.420346082046839875e+00
2.000000000000000042e-02 2.000000000000000111e-01 -5.703479944489398434e+01 4.813919777957592849e+00
1.000000000000000056e-01 2.000000000000000111e-01 -6.500000000000000000e+01 2.000000000000000000e+00
2.000000000000000042e-02 2.000000000000000111e-01 -6.142247417227416406e+01 6.568989668909665625e+00
2.000000000000000042e-02 2.000000000000000111e-01 -6.290884431100067076e+01 7.163537724400269369e+00
2.000000000000000042e-02 2.000000000000000111e-01 -5.508944535071059079e+01 4.035778140284237203e+00
2.000000000000000042e-02 2.000000000000000111e-01 -5.870433506477174745e+01 5.481734025908699515e+00
2.000000000000000042e-02 2.000000000000000111e-01 -5.522957633324381277e+01 4.091830533297524219e+00
2.000000000000000389e-02 2.500000000000000000e-01 -6.500000000000000000e+01 2.000000000000000000e+00
2.000000000000000042e-02 2.000000000000000111e-01 -5.602713652685030610e+01 4.410854610740122084e+00
2.000000000000000042e-02 2.000000000000000111e-01 -5.682967315741920800e+01 4.731869262967681955e+00
1.000000000000000056e-01 2.000000000000000111e-01 -6.500000000000000000e+01 2.000000000000000000e+00
2.000000000000000042e-02 2.000000000000000111e-01 -5.594424707712033040e+01 4.377698830848133049e+00
2.000000000000000042e-02 2.000000000000000111e-01 -5.517512831144526331e+01 4.070051324578104257e+00
2.000000000000000042e-02 2.000000000000000111e-01 -5.786965420844489927e+01 5.147861683377958464e+00
2.000000000000000042e-02 2.000000000000000111e-01 -5.612769855995633606e+01 4.451079423982533534e+00
2.000000000000000042e-02 2.000000000000000111e-01 -5.548276267030261266e+01 4.193105068121045775e+00
2.000000000000000042e-02 2.000000000000000111e-01 -6.335854088438896525e+01 7.343416353755586101e+00
2.000000000000000042e-02 2.000000000000000111e-01 -6.273406727277541961e+01 7.093626909110168022e+00
2.000000000000000042e-02 2.000000000000000111e-01 -6.364146035892595421e+01 7.456584143570381684e+00
2.000000000000000042e-02 2.000000000000000111e-01 -5.513804476704282820e+01 4.055217906817132345e+00
2.000000000000000042e-02 2.000000000000000111e-01 -5.900834700563961377e+01 5.603338802255844797e+00
2.000000000000000042e-02 2.000000000000000111e-01 -6.139903322546461339e+01 6.559613290185843937e+00
2.000000000000000042e-02 2.000000000000000111e-01 -6.412095919070708305e+01 7.648383676282832333e+00
2.000000000000000042e-02 2.000000000000000111e-01 -5.777336149520641584e+01 5.109344598082566691e+00
2.000000000000000042e-02 2.000000000000000111e-01 -5.805059014935007866e+01 5.220236059740032353e+00
2.000000000000000042e-02 2.000000000000000111e-01 -6.486310625239248395e+01 7.945242500956995357e+00
2.000000000000000042e-02 2.000000000000000111e-01 -6.389643763119599384e+01 7.558575052478399670e+00
2.000000000000000042e-02 2.000000000000000111e-01 -5.500038626163274103e+01 4.000154504653096410e+00
2.000000000000000042e-02 2.000000000000000111e-01 -5.836116660451188665e+01 5.344466641804755724e+00
2.000000000000000389e-02 2.500000000000000000e-01 -6.500000000000000000e+01 2.000000000000000000e+00
1.000000000000000056e-01 2.000000000000000111e-01 -6.500000000000000000e+01 2.000000000000000000e+00
2.000000000000000042e-02 2.000000000000000111e-01 -5.500385656158412928e+01 4.001542624633651180e+00
1.000000000000000056e-01 2.000000000000000111e-01 -6.500000000000000000e+01 2.000000000000000000e+00
2.000000000000000042e-02 2.000000000000000111e-01 -6.199456569370170911e+01 6.797826277480684354e+00
2.000000000000000042e-02 2.000000000000000111e-01 -5.548824767383384682e+01 4.195299069533539260e+00
2.000000000000000042e-02 2.000000000000000111e-01 -6.144053760435649991e+01 6.576215041742599965e+00
2.000000000000000042e-02 2.000000000000000111e-01 -6.266730626669951221e+01 7.066922506679806482e+00
2.000000000000000042e-02 2.000000000000000111e-01 -5.535154901877347555e+01 4.140619607509389510e+00
2.000000000000000042e-02 2.000000000000000111e-01 -5.515398787841126449e+01 4.061595151364504552e+00
2.000000000000000042e-02 2.000000000000000111e-01 -5.530359447602610601e+01 4.121437790410441337e+00
2.000000000000000042e-02 2.000000000000000111e-01 -5.738870332086744952e+01 4.955481328346979630e+00
2.000000000000000042e-02 2.000000000000000111e-01 -6.178568324676319889e+01 6.714273298705278670e+00
2.000000000000000042e-02 2.000000000000000111e-01 -5.595963707888469685e+01 4.383854831553878562e+00
2.000000000000000042e-02 2.000000000000000111e-01 -5.550339826084196204e+01 4.201359304336786060e+00
2.000000000000000042e-02 2.000000000000000111e-01 -5.500555205073567322e+01 4.002220820294268400e+00
2.000000000000000042e-02 2.000000000000000111e-01 -5.645535112037502756e+01 4.582140448150011203e+00
2.000000000000000042e-02 2.000000000000000111e-01 -5.583659818303127764e+01 4.334639273212512300e+00
2.000000000000000042e-02 2.000000000000000111e-01 -5.562282058296974441e+01 4.249128233187898118e+00
2.000000000000000042e-02 2.000000000000000111e-01 -6.461116052327565740e+01 7.844464209310261893e+00
1.000000000000000056e-01 2.000000000000000111e-01 -6.500000000000000000e+01 2.000000000000000000e+00
2.000000000000000042e-02 2.000000000000000111e-01 -5.516168858869857416e+01 4.064675435479430554e+00
2.000000000000000042e-02 2.000000000000000111e-01 -6.404374534292003318e+01 7.617498137168015937e+00
1.000000000000000056e-01 2.000000000000000111e-01 -6.500000000000000000e+01 2.000000000000000000e+00
2.000000000000000042e-02 2.000000000000000111e-01 -5.542155598822233031e+01 4.168622395288933191e+00
1.000000000000000056e-01 2.000000000000000111e-01 -6.500000000000000000e+01 2.000000000000000000e+00
1.000000000000000056e-01 2.000000000000000111e-01 -6.500000000000000000e+01 2.000000000000000000e+00
2.000000000000000389e-02 2.500000000000000000e-01 -6.500000000000000000e+01 2.000000000000000000e+00
2.000000000000000042e-02 2.000000000000000111e-01 -5.638765481869145191e+01 4.555061927476581118e+00
2.000000000000000042e-02 2.000000000000000111e-01 -5.809416957108273749e+01 5.237667828433094641e+00
2.000000000000000042e-02 2.000000000000000111e-01 -6.343498992526009062e+01 7.373995970104036957e+00
2.000000000000000042e-02 2.000000000000000111e-01 -6.262686706245193591e+01 7.050746824980773653e+00
2.000000000000000042e-02 2.000000000000000111e-01 -5.731277524285123093e+01 4.925110097140491305e+00
2.000000000000000042e-02 2.000000000000000111e-01 -5.719306610582462724e+01 4.877226442329851253e+00
2.000000000000000042e-02 2.000000000000000111e-01 -6.074807620971271405e+01 6.299230483885086329e+00
2.000000000000000042e-02 2.000000000000000111e-01 -5.660824501776568241e+01 4.643298007106273495e+00
2.000000000000000042e-02 2.000000000000000111e-01 -5.781310583259015345e+01 5.125242333036061027e+00
2.000000000000000042e-02 2.000000000000000111e-01 -5.709773887397685144e+01 4.839095549590742174e+00
2.000000000000000042e-02 2.000000000000000111e-01 -5.785404289128657496e+01 5.141617156514629805e+00
2.000000000000000042e-02 2.000000000000000111e-01 -5.552693338232918308e+01 4.210773352931671987e+00
2.000000000000000042e-02 2.000000000000000111e-01 -6.245443084911603648e+01 6.981772339646413528e+00
2.000000000000000042e-02 2.000000000000000111e-01 -5.859521639946211025e+01 5.438086559784843566e+00
2.000000000000000042e-02 2.000000000000000111e-01 -6.178281440637636024e+01 6.713125762550543385e+00
2.000000000000000042e-02 2.000000000000000111e-01 -5.502138378645015848e+01 4.008553514580063037e+00
2.000000000000000042e-02 2.000000000000000111e-01 -5.502029758388843561e+01 4.008119033555373356e+00
1.000000000000000056e-01 2.000000000000000111e-01 -6.500000000000000000e+01 2.000000000000000000e+00
2.000000000000000042e-02 2.000000000000000111e-01 -5.500731666762207084e+01 4.002926667048829046e+00
2.000000000000000042e-02 2.000000000000000111e-01 -6.060502954799935083e+01 6.242011819199741574e+00
2.000000000000000042e-02 2.000000000000000111e-01 -6.342875511202193195e+01 7.371502044808773135e+00
2.000000000000000042e-02 2.000000000000000111e-01 -5.500441926555448191e+01 4.001767706221793119e+00
2.000000000000000042e-02 2.000000000000000111e-01 -5.978611970313292545e+01 5.914447881253170891e+00
2.000000000000000042e-02 2.000000000000000111e-01 -5.510712908829407297e+01 4.042851635317628478e+00
2.000000000000000042e-02 2.000000000000000111e-01 -5.788054057751798354e+01 5.152216231007194835e+00
2.000000000000000042e-02 2.000000000000000111e-01 -5.532447264145865518e+01 4.129789056583461182e+00
2.000000000000000389e-02 2.500000000000000000e-01 -6.500000000000000000e+01 2.000000000000000000e+00
2.000000000000000042e-02 2.000000000000000111e-01 -6.227924376621556490e+01 6.911697506486227383e+00
2.000000000000000042e-02 2.000000000000000111e-01 -6.468600007975148003e+01 7.874400031900590236e+00
2.000000000000000042e-02 2.000000000000000111e-01 -5.599814810940665666e+01 4.399259243762662308e+00
2.000000000000000042e-02 2.000000000000000111e-01 -5.500320708923072033e+01 4.001282835692288486e+00
2.000000000000000042e-02 2.000000000000000111e-01 -5.702782115749148062e+01 4.811128462996593136e+00
2.000000000000000042e-02 2.000000000000000111e-01 -5.928091091928266110e+01 5.712364367713064439e+00
2.000000000000000042e-02 2.000000000000000111e-01 -5.616538726626517075e+01 4.466154906506068833e+00
2.000000000000000042e-02 2.000000000000000111e-01 -5.537203456956748227e+01 4.148813827826991485e+00
2.000000000000000042e-02 2.000000000000000111e-01 -5.627479201682212562e+01 4.509916806728850425e+00
2.000000000000000042e-02 2.000000000000000111e-01 -5.914628066233628090e+01 5.658512264934510760e+00
2.000000000000000042e-02 2.000000000000000111e-01 -5.861577927032023894e+01 5.446311708128096285e+00
2.000000000000000042e-02 2.000000000000000111e-01 -5.897277014577792187e+01 5.589108058311167859e+00
2.000000000000000042e-02 2.000000000000000111e-01 -5.763402128204673147e+01 5.053608512818691167e+00
2.000000000000000389e-02 2.500000000000000000e-01 -6.500000000000000000e+01 2.000000000000000000e+00
2.000000000000000042e-02 2.000000000000000111e-01 -6.384812261138291234e+01 7.539249044553166357e+00
2.000000000000000042e-02 2.000000000000000111e-01 -5.606655029920236899e+01 4.426620119680947596e+00
1.000000000000000056e-01 2.000000000000000111e-01 -6.500000000000000000e+01 2.000000000000000000e+00
2.000000000000000042e-02 2.000000000000000111e-01 -6.187617112072098280e+01 6.750468448288392764e+00
2.000000000000000042e-02 2.000000000000000111e-01 -5.645068909569510396e+01 4.580275638278040518e+00
1.000000000000000056e-01 2.000000000000000111e-01 -6.500000000000000000e+01 2.000000000000000000e+00
2.000000000000000389e-02 2.500000000000000000e-01 -6.500000000000000000e+01 2.000000000000000000e+00
2.000000000000000042e-02 2.000000000000000111e-01 -5.505744106615709654e+01 4.022976426462838262e+00
2.000000000000000042e-02 2.000000000000000111e-01 -6.341675873273386088e+01 7.366703493093544886e+00
2.000000000000000042e-02 2.000000000000000111e-01 -5.819709939497862905e+01 5.278839757991452331e+00
2.000000000000000042e-02 2.000000000000000111e-01 -5.589739566235355284e+01 4.358958264941420246e+00
2.000000000000000042e-02 2.000000000000000111e-01 -6.350125478874856100e+01 7.400501915499425820e+00
2.000000000000000042e-02 2.000000000000000111e-01 -5.536221586118390547e+01 4.144886344473562190e+00
2.000000000000000042e-02 2.000000000000000111e-01 -5.510867015317771944e+01 4.043468061271087599e+00
2.000000000000000042e-02 2.000000000000000111e-01 -5.500235011409366592e+01 4.000940045637465303e+00
2.000000000000000389e-02 2.500000000000000000e-01 -6.500000000000000000e+01 2.000000000000000000e+00
2.000000000000000042e-02 2.000000000000000111e-01 -6.437731552977936644e+01 7.750926211911748354e+00
1.000000000000000056e-01 2.000000000000000111e-01 -6.500000000000000000e+01 2.000000000000000000e+00
2.000000000000000042e-02 2.000000000000000111e-01 -6.454529993590364256e+01 7.818119974361460223e+00
2.000000000000000042e-02 2.000000000000000111e-01 -6.258623443576215806e+01 7.034493774304862335e+00
2.000000000000000042e-02 2.000000000000000111e-01 -6.240814271381542966e+01 6.963257085526171508e+00
2.000000000000000042e-02 2.000000000000000111e-01 -6.330438065591292940e+01 7.321752262365172292e+00
2.000000000000000042e-02 2.000000000000000111e-01 -5.545301220132133579e+01 4.181204880528535561e+00
2.000000000000000042e-02 2.000000000000000111e-01 -5.721548410259298834e+01 4.886193641037194446e+00
2.000000000000000042e-02 2.000000000000000111e-01 -5.961027698558602594e+01 5.844110794234411266e+00
2.000000000000000042e-02 2.000000000000000111e-01 -5.661201401966186353e+01 4.644805607864745056e+00
1.000000000000000056e-01 2.000000000000000111e-01 -6.500000000000000000e+01 2.000000000000000000e+00
2.000000000000000042e-02 2.000000000000000111e-01 -5.662610221270824695e+01 4.650440885083298781e+00
2.000000000000000042e-02 2.000000000000000111e-01 -6.132183470160565264e+01 6.528733880642262122e+00
1.000000000000000056e-01 2.000000000000000111e-01 -6.500000000000000000e+01 2.000000000000000000e+00
2.000000000000000042e-02 2.000000000000000111e-01 -6.397135015953742254e+01 7.588540063814969372e+00
2.000000000000000042e-02 2.000000000000000111e-01 -6.196169218447911220e+01 6.784676873791645413e+00
2.000000000000000042e-02 2.000000000000000111e-01 -5.512762931669821143e+01 4.051051726679284926e+00
1.000000000000000056e-01 2.000000000000000111e-01 -6.500000000000000000e+01 2.000000000000000000e+00
2.000000000000000042e-02 2.000000000000000111e-01 -6.381310260605731344e+01 7.525241042422926796e+00
2.000000000000000042e-02 2.000000000000000111e-01 -5.553981106600117812e+01 4.215924426400471603e+00
2.000000000000000042e-02 2.000000000000000111e-01 -5.655429137831447406e+01 4.621716551325791400e+00
1.000000000000000056e-01 2.000000000000000111e-01 -6.500000000000000000e+01 2.000000000000000000e+00
2.000000000000000042e-02 2.000000000000000111e-01 -6.417848089443417336e+01 7.671392357773669346e+00
2.000000000000000042e-02 2.000000000000000111e-01 -5.654577982503839451e+01 4.618311930015359223e+00
2.000000000000000042e-02 2.000000000000000111e-01 -5.509271593350566576e+01 4.037086373402265949e+00
2.000000000000000042e-02 2.000000000000000111e-01 -6.341101761695046690e+01 7.364407046780186761e+00
1.000000000000000056e-01 2.000000000000000111e-01 -6.500000000000000000e+01 2.000000000000000000e+00
2.000000000000000042e-02 2.000000000000000111e-01 -5.793151898943708034e+01 5.172607595774833200e+00
2.000000000000000042e-02 2.000000000000000111e-01 -5.556383164028804345e+01 4.225532656115216668e+00
2.000000000000000389e-02 2.500000000000000000e-01 -6.500000000000000000e+01 2.000000000000000000e+00
1.000000000000000056e-01 2.000000000000000111e-01 -6.500000000000000000e+01 2.000000000000000000e+00
2.000000000000000042e-02 2.000000000000000111e-01 -5.832329855081268022e+01 5.329319420325071555e+00
2.000000000000000389e-02 2.500000000000000000e-01 -6.500000000000000000e+01 2.000000000000000000e+00
2.000000000000000042e-02 2.000000000000000111e-01 -5.650498197778472331e+01 4.601992791113888259e+00
2.000000000000000042e-02 2.000000000000000111e-01 -5.990969212789364917e+01 5.963876851157460024e+00
2.000000000000000042e-02 2.000000000000000111e-01 -5.765959696500537746e+01 5.063838786002150982e+00
2.000000000000000042e-02 2.000000000000000111e-01 -5.557054703251244376e+01 4.228218813004977150e+00
1.000000000000000056e-01 2.000000000000000111e-01 -6.500000000000000000e+01 2.000000000000000000e+00
2.000000000000000042e-02 2.000000000000000111e-01 -5.707531042508702512e+01 4.830124170034810760e+00
2.000000000000000042e-02 2.000000000000000111e-01 -5.535743248682544504e+01 4.142972994730177660e+00
2.000000000000000042e-02 2.000000000000000111e-01 -5.774438662475607487e+01 5.097754649902428881e+00
2.000000000000000042e-02 2.000000000000000111e-01 -6.241315853499846611e+01 6.965263413999386977e+00
2.000000000000000042e-02 2.000000000000000111e-01 -6.211931541794804446e+01 6.847726167179217782e+00
1.000000000000000056e-01 2.000000000000000111e-01 -6.500000000000000000e+01 2.000000000000000000e+00
1.000000000000000056e-01 2.000000000000000111e-01 -6.500000000000000000e+01 2.000000000000000000e+00
1.000000000000000056e-01 2.000000000000000111e-01 -6.500000000000000000e+01 2.000000000000000000e+00
2.000000000000000042e-02 2.000000000000000111e-01 -5.888133832305225468e+01 5.552535329220901872e+00
2.000000000000000042e-02 2.000000000000000111e-01 -5.703803749188608663e+01 4.815214996754434651e+00
2.000000000000000042e-02 2.000000000000000111e-01 -5.692947697392430229e+01 4.771790789569721802e+00
2.000000000000000042e-02 2.000000000000000111e-01 -6.495437080320988343e+01 7.981748321283951952e+00
2.000000000000000042e-02 2.000000000000000111e-01 -6.254771795020692338e+01 7.019087180082769883e+00
1.000000000000000056e-01 2.000000000000000111e-01 -6.500000000000000000e+01 2.000000000000000000e+00
1.000000000000000056e-01 2.000000000000000111e-01 -6.500000000000000000e+01 2.000000000000000000e+00
2.000000000000000042e-02 2.000000000000000111e-01 -6.162821309702465555e+01 6.651285238809862221e+00
2.000000000000000042e-02 2.000000000000000111e-01 -5.666144890318336280e+01 4.664579561273345831e+00
2.000000000000000042e-02 2.000000000000000111e-01 -6.014216336767864135e+01 6.056865347071456185e+00
2.000000000000000042e-02 2.000000000000000111e-01 -6.031147294164490802e+01 6.124589176657963208e+00
2.000000000000000042e-02 2.000000000000000111e-01 -6.344627062354096836e+01 7.378508249416386278e+00
2.000000000000000042e-02 2.000000000000000111e-01 -5.747393463431659910e+01 4.989573853726638752e+00
2.000000000000000042e-02 2.000000000000000111e-01 -5.539798172912136920e+01 4.159192691648547324e+00
2.000000000000000042e-02 2.000000000000000111e-01 -5.734073677432458993e+01 4.936294709729836860e+00
2.000000000000000042e-02 2.000000000000000111e-01 -5.501847086265458842e+01 4.007388345061833945e+00
2.000000000000000042e-02 2.000000000000000111e-01 -5.860191917100498671e+01 5.440767668401994328e+00
2.000000000000000042e-02 2.000000000000000111e-01 -5.620781473683062757e+01 4.483125894732251204e+00
2.000000000000000042e-02 2.000000000000000111e-01 -5.816367535074456185e+01 5.265470140297825452e+00
2.000000000000000042e-02 2.000000000000000111e-01 -6.381692263963005018e+01 7.526769055852019719e+00
2.000000000000000042e-02 2.000000000000000111e-01 -6.281462401474324508e+01 7.125849605897298211e+00
2.000000000000000042e-02 2.000000000000000111e-01 -5.564184926220524119e+01 4.256739704882095410e+00
2.000000000000000042e-02 2.000000000000000111e-01 -6.195141372436368243e+01 6.780565489745472796e+00
2.000000000000000389e-02 2.500000000000000000e-01 -6.500000000000000000e+01 2.000000000000000000e+00
2.000000000000000389e-02 2.500000000000000000e-01 -6.500000000000000000e+01 2.000000000000000000e+00
2.000000000000000042e-02 2.000000000000000111e-01 -5.536459330000273127e+01 4.145837320001093396e+00
1.000000000000000056e-01 2.000000000000000111e-01 -6.500000000000000000e+01 2.000000000000000000e+00
2.000000000000000042e-02 2.000000000000000111e-01 -6.211020769903421979e+01 6.844083079613689335e+00
2.000000000000000042e-02 2.000000000000000111e-01 -6.441991485802590489e+01 7.767965943210363378e+00
2.000000000000000042e-02 2.000000000000000111e-01 -5.608305657710446468e+01 4.433222630841785694e+00
2.000000000000000042e-02 2.000000000000000111e-01 -6.187672879347545063e+01 6.750691517390181140e+00
2.000000000000000042e-02 2.000000000000000111e-01 -6.228169793363023388e+01 6.912679173452094261e+00
2.000000000000000042e-02 2.000000000000000111e-01 -5.609688402921491956e+01 4.438753611685967826e+00
2.000000000000000042e-02 2.000000000000000111e-01 -6.082514603329293124e+01 6.330058413317171784e+00
2.000000000000000042e-02 2.000000000000000111e-01 -6.142770045550210511e+01 6.571080182200843112e+00
2.000000000000000042e-02 2.000000000000000111e-01 -5.606412814589509708e+01 4.425651258358040074e+00
2.000000000000000042e-02 2.000000000000000111e-01 -5.701514055440280515e+01 4.806056221761123126e+00
1.000000000000000056e-01 2.000000000000000111e-01 -6.500000000000000000e+01 2.000000000000000000e+00
2.000000000000000042e-02 2.000000000000000111e-01 -5.508730298043433038e+01 4.034921192173731797e+00
2.000000000000000042e-02 2.000000000000000111e-01 -5.621464091340919111e+01 4.485856365363675380e+00
2.000000000000000042e-02 2.000000000000000111e-01 -6.302780516211774398e+01 7.211122064847099722e+00
2.000000000000000042e-02 2.000000000000000111e-01 -6.296383062262430030e+01 7.185532249049721543e+00
2.000000000000000042e-02 2.000000000000000111e-01 -5.712240208927303797e+01 4.848960835709213768e+00
2.000000000000000042e-02 2.000000000000000111e-01 -5.736054877837469235e+01 4.944219511349877472e+00
2.000000000000000042e-02 2.000000000000000111e-01 -5.769270477539350139e+01 5.077081910157399847e+00
2.000000000000000042e-02 2.000000000000000111e-01 -6.054624420605946256e+01 6.218497682423786088e+00
2.000000000000000042e-02 2.000000000000000111e-01 -5.832822477772750602e+01 5.331289911091001699e+00
2.000000000000000042e-02 2.000000000000000111e-01 -5.529901169164396180e+01 4.119604676657584896e+00
2.000000000000000042e-02 2.000000000000000111e-01 -5.743372079717885725e+01 4.973488318871543967e+00
2.000000000000000042e-02 2.000000000000000111e-01 -6.284912518437408124e+01 7.139650073749633563e+00
2.000000000000000389e-02 2.500000000000000000e-01 -6.500000000000000000e+01 2.000000000000000000e+00
2.000000000000000042e-02 2.000000000000000111e-01 -5.862879721487483664e+01 5.451518885949935722e+00
2.000000000000000042e-02 2.000000000000000111e-01 -5.633227894362244115e+01 4.532911577448977880e+00
2.000000000000000042e-02 2.000000000000000111e-01 -5.927984306603569564e+01 5.711937226414277369e+00
2.000000000000000042e-02 2.000000000000000111e-01 -6.001472368909765720e+01 6.005889475639063946e+00
2.000000000000000042e-02 2.000000000000000111e-01 -5.809062527569117407e+01 5.236250110276470693e+00
2.000000000000000042e-02 2.000000000000000111e-01 -5.500345280069941367e+01 4.001381120279766890e+00
2.000000000000000042e-02 2.000000000000000111e-01 -5.627776694374163213e+01 4.511106777496652676e+00
2.000000000000000042e-02 2.000000000000000111e-01 -5.714845236681826179e+01 4.859380946727306139e+00
2.000000000000000042e-02 2.000000000000000111e-01 -6.191392471988222468e+01 6.765569887952890937e+00
1.000000000000000056e-01 2.000000000000000111e-01 -6.500000000000000000e+01 2.000000000000000000e+00
2.000000000000000042e-02 2.000000000000000111e-01 -5.825917017193037850e+01 5.303668068772151578e+00
1.000000000000000056e-01 2.000000000000000111e-01 -6.500000000000000000e+01 2.000000000000000000e+00
1.000000000000000056e-01 2.000000000000000111e-01 -6.500000000000000000e+01 2.000000000000000000e+00
1.000000000000000056e-01 2.000000000000000111e-01 -6.500000000000000000e+01 2.000000000000000000e+00
2.000000000000000042e-02 2.000000000000000111e-01 -5.750682938030418967e+01 5.002731752121676756e+00
2.000000000000000042e-02 2.000000000000000111e-01 -6.125254840065437634e+01 6.501019360261750535e+00
1.000000000000000056e-01 2.000000000000000111e-01 -6.500000000000000000e+01 2.000000000000000000e+00
1.000000000000000056e-01 2.000000000000000111e-01 -6.500000000000000000e+01 2.000000000000000000e+00
2.000000000000000042e-02 2.000000000000000111e-01 -5.500292029460989340e+01 4.001168117843956651e+00
2.000000000000000042e-02 2.000000000000000111e-01 -6.162455934610950692e+01 6.649823738443803478e+00
2.000000000000000042e-02 2.000000000000000111e-01 -5.916701549711272179e+01 5.666806198845089071e+00
2.000000000000000042e-02 2.000000000000000111e-01 -5.636386462806935782e+01 4.545545851227743128e+00
2.000000000000000389e-02 2.500000000000000000e-01 -6.500000000000000000e+01 2.000000000000000000e+00
2.000000000000000042e-02 2.000000000000000111e-01 -5.926877828337755005e+01 5.707511313351020021e+00
2.000000000000000042e-02 2.000000000000000111e-01 -5.648058318739991535e+01 4.592233274959966138e+00
2.000000000000000042e-02 2.000000000000000111e-01 -5.500021080543475449e+01 4.000084322173901974e+00
1.000000000000000056e-01 2.000000000000000111e-01 -6.500000000000000000e+01 2.000000000000000000e+00
2.000000000000000042e-02 2.000000000000000111e-01 -6.207849714230635385e+01 6.831398856922541896e+00
2.000000000000000042e-02 2.000000000000000111e-01 -5.504270541332226685e+01 4.017082165328907273e+00
2.000000000000000042e-02 2.000000000000000111e-01 -6.488459356168353054e+01 7.953837424673409373e+00
1.000000000000000056e-01 2.000000000000000111e-01 -6.500000000000000000e+01 2.000000000000000000e+00
2.000000000000000042e-02 2.000000000000000111e-01 -6.127912025373532856e+01 6.511648101494131424e+00
2.000000000000000042e-02 2.000000000000000111e-01 -5.613350921938555871e+01 4.453403687754223128e+00
2.000000000000000389e-02 2.500000000000000000e-01 -6.500000000000000000e+01 2.000000000000000000e+00
2.000000000000000042e-02 2.000000000000000111e-01 -5.500320194677907182e+01 4.001280778711629793e+00
2.000000000000000042e-02 2.000000000000000111e-01 -5.578239643592906560e+01 4.312958574371626774e+00
1.000000000000000056e-01 2.000000000000000111e-01 -6.500000000000000000e+01 2.000000000000000000e+00
1.000000000000000056e-01 2.000000000000000111e-01 -6.500000000000000000e+01 2.000000000000000000e+00
2.000000000000000042e-02 2.000000000000000111e-01 -6.494147759462239833e+01 7.976591037848960397e+00
2.000000000000000042e-02 2.000000000000000111e-01 -5.892453215161549451e+01 5.569812860646196739e+00
2.000000000000000042e-02 2.000000000000000111e-01 -5.584950893092955226e+01 4.339803572371820906e+00
2.000000000000000042e-02 2.000000000000000111e-01 -5.503175470001773562e+01 4.012701880007092825e+00
2.000000000000000042e-02 2.000000000000000111e-01 -5.901295605024975544e+01 5.605182420099902529e+00
1.000000000000000056e-01 2.000000000000000111e-01 -6.500000000000000000e+01 2.000000000000000000e+00
2.000000000000000042e-02 2.000000000000000111e-01 -6.483787107522506687e+01 7.935148430090027460e+00
2.000000000000000042e-02 2.000000000000000111e-01 -5.635779023072218763e+01 4.543116092288876473e+00
2.000000000000000042e-02 2.000000000000000111e-01 -6.436678274393884180e+01 7.746713097575536722e+00
2.000000000000000042e-02 2.000000000000000111e-01 -5.843259787307307818e+01 5.373039149229231981e+00
2.000000000000000042e-02 2.000000000000000111e-01 -5.536326213915467065e+01 4.145304855661867016e+00
2.000000000000000042e-02 2.000000000000000111e-01 -5.589466246892144596e+01 4.357864987568577320e+00
2.000000000000000389e-02 2.500000000000000000e-01 -6.500000000000000000e+01 2.000000000000000000e+00
2.000000000000000042e-02 2.000000000000000111e-01 -5.633488159676549856e+01 4.533952638706198357e+00
2.000000000000000042e-02 2.000000000000000111e-01 -5.680415187663130894e+01 4.721660750652523220e+00
2.000000000000000042e-02 2.000000000000000111e-01 -6.460777594927820644e+01 7.843110379711283109e+00
2.000000000000000042e-02 2.000000000000000111e-01 -5.984173771312320156e+01 5.936695085249279913e+00
2.000000000000000042e-02 2.000000000000000111e-01 -5.990990312528992234e+01 5.963961250115970003e+00
2.000000000000000042e-02 2.000000000000000111e-01 -5.838390332866741517e+01 5.353561331466965001e+00
2.000000000000000042e-02 2.000000000000000111e-01 -6.473758153118960479e+01 7.895032612475840317e+00
2.000000000000000042e-02 2.000000000000000111e-01 -5.579986412804122864e+01 4.319945651216490212e+00
2.000000000000000042e-02 2.000000000000000111e-01 -6.348859946309323732e+01 7.395439785237295283e+00
2.000000000000000042e-02 2.000000000000000111e-01 -5.505029653169815163e+01 4.020118612679261183e+00
2.000000000000000389e-02 2.500000000000000000e-01 -6.500000000000000000e+01 2.000000000000000000e+00
1.000000000000000056e-01 2.000000000000000111e-01 -6.500000000000000000e+01 2.000000000000000000e+00
1.000000000000000056e-01 2.000000000000000111e-01 -6.500000000000000000e+01 2.000000000000000000e+00
2.000000000000000042e-02 2.000000000000000111e-01 -6.260621262149609123e+01 7.042485048598437380e+00
2.000000000000000042e-02 2.000000000000000111e-01 -5.963531094680985944e+01 5.854124378723944311e+00
2.000000000000000042e-02 2.000000000000000111e-01 -5.744365703632306719e+01 4.977462814529228119e+00
2.000000000000000042e-02 2.000000000000000111e-01 -6.299162008965822679e+01 7.196648035863290715e+00
2.000000000000000042e-02 2.000000000000000111e-01 -6.274576323182841975e+01 7.098305292731367011e+00
1.000000000000000056e-01 2.000000000000000111e-01 -6.500000000000000000e+01 2.000000000000000000e+00
1.000000000000000056e-01 2.000000000000000111e-01 -6.500000000000000000e+01 2.000000000000000000e+00
2.000000000000000042e-02 2.000000000000000111e-01 -5.979453525269531156e+01 5.917814101078123556e+00
2.000000000000000042e-02 2.000000000000000111e-01 -5.716103616416197042e+01 4.864414465664788523e+00
2.000000000000000042e-02 2.000000000000000111e-01 -5.681886197474687350e+01 4.727544789898749933e+00
2.000000000000000042e-02 2.000000000000000111e-01 -6.138418040783660246e+01 6.553672163134640627e+00
2.000000000000000042e-02 2.000000000000000111e-01 -5.617026633281240322e+01 4.468106533124959867e+00
2.000000000000000042e-02 2.000000000000000111e-01 -5.660706532803061464e+01 4.642826131212244967e+00
1.000000000000000056e-01 2.000000000000000111e-01 -6.500000000000000000e+01 2.000000000000000000e+00
2.000000000000000042e-02 2.000000000000000111e-01 -6.014717615271150208e+01 6.058870461084600478e+00
2.000000000000000042e-02 2.000000000000000111e-01 -5.929554710153764319e+01 5.718218840615058696e+00
2.000000000000000042e-02 2.000000000000000111e-01 -5.958433409688945659e+01 5.833733638755782991e+00
2.000000000000000042e-02 2.000000000000000111e-01 -6.435914821538585784e+01 7.743659286154345622e+00
2.000000000000000042e-02 2.000000000000000111e-01 -5.530436680250545578e+01 4.121746721002180536e+00
2.000000000000000389e-02 2.500000000000000000e-01 -6.500000000000000000e+01 2.000000000000000000e+00
1.000000000000000056e-01 2.000000000000000111e-01 -6.500000000000000000e+01 2.000000000000000000e+00
2.000000000000000389e-02 2.500000000000000000e-01 -6.500000000000000000e+01 2.000000000000000000e+00
2.000000000000000042e-02 2.000000000000000111e-01 -5.992916453989818137e+01 5.971665815959274148e+00
2.000000000000000042e-02 2.000000000000000111e-01 -5.538594443343713181e+01 4.154377773374854144e+00
1.000000000000000056e-01 2.000000000000000111e-01 -6.500000000000000000e+01 2.000000000000000000e+00
2.000000000000000042e-02 2.000000000000000111e-01 -5.601720570141144151e+01 4.406882280564577314e+00
2.000000000000000042e-02 2.000000000000000111e-01 -5.902416663465361779e+01 5.609666653861448360e+00
1.000000000000000056e-01 2.000000000000000111e-01 -6.500000000000000000e+01 2.000000000000000000e+00
2.000000000000000042e-02 2.000000000000000111e-01 -6.358566480337222515e+01 7.434265921348892192e+00
2.000000000000000042e-02 2.000000000000000111e-01 -5.976401807385876452e+01 5.905607229543504921e+00
2.000000000000000042e-02 2.000000000000000111e-01 -6.283082651130859375e+01 7.132330604523437145e+00
1.000000000000000056e-01 2.000000000000000111e-01 -6.500000000000000000e+01 2.000000000000000000e+00
2.000000000000000042e-02 2.000000000000000111e-01 -5.635240223004989701e+01 4.540960892019957562e+00
1.000000000000000056e-01 2.000000000000000111e-01 -6.500000000000000000e+01 2.000000000000000000e+00
2.000000000000000042e-02 2.000000000000000111e-01 -5.663218401006449199e+01 4.652873604025796972e+00
2.000000000000000042e-02 2.000000000000000111e-01 -5.771038877104820131e+01 5.084155508419279990e+00
2.000000000000000042e-02 2.000000000000000111e-01 -5.774966449246178968e+01 5.099865796984714095e+00
2.000000000000000042e-02 2.000000000000000111e-01 -5.500273746659158292e+01 4.001094986636632100e+00
1.000000000000000056e-01 2.000000000000000111e-01 -6.500000000000000000e+01 2.000000000000000000e+00
2.000000000000000042e-02 2.000000000000000111e-01 -5.700002330251351879e+01 4.800009321005406449e+00
2.000000000000000042e-02 2.000000000000000111e-01 -5.797742279205491656e+01 5.190969116821965379e+00
2.000000000000000042e-02 2.000000000000000111e-01 -6.354595837189540219e+01 7.418383348758162299e+00
2.000000000000000042e-02 2.000000000000000111e-01 -6.005916158298569485e+01 6.023664633194278473e+00
2.000000000000000042e-02 2.000000000000000111e-01 -5.972004346991664647e+01 5.888017387966659300e+00
2.000000000000000042e-02 2.000000000000000111e-01 -6.395627733567104656e+01 7.582510934268418268e+00
2.000000000000000042e-02 2.000000000000000111e-01 -5.946561900235348475e+01 5.786247600941393898e+00
2.000000000000000042e-02 2.000000000000000111e-01 -5.959272794699464271e+01 5.837091178797858326e+00
2.000000000000000042e-02 2.000000000000000111e-01 -6.363046068480679196e+01 7.452184273922716429e+00
2.000000000000000042e-02 2.000000000000000111e-01 -5.820932212422262353e+01 5.283728849689049767e+00
2.000000000000000042e-02 2.000000000000000111e-01 -5.610838977639521374e+01 4.443355910558085320e+00
2.000000000000000042e-02 2.000000000000000111e-01 -5.923845908541047578e+01 5.695383634164190134e+00
1.000000000000000056e-01 2.000000000000000111e-01 -6.500000000000000000e+01 2.000000000000000000e+00
2.000000000000000042e-02 2.000000000000000111e-01 -6.161954386368704917e+01 6.647817545474819845e+00
1.000000000000000056e-01 2.000000000000000111e-01 -6.500000000000000000e+01 2.000000000000000000e+00
2.000000000000000042e-02 2.000000000000000111e-01 -5.535956505284242013e+01 4.143826021136967519e+00
2.000000000000000042e-02 2.000000000000000111e-01 -5.634448596215359828e+01 4.537794384861439489e+00
2.000000000000000042e-02 2.000000000000000111e-01 -6.112785478383455740e+01 6.451141913533824379e+00
2.000000000000000042e-02 2.000000000000000111e-01 -5.500024303868551812e+01 4.000097215474207601e+00
2.000000000000000042e-02 2.000000000000000111e-01 -5.502209138301376612e+01 4.008836553205505915e+00
2.000000000000000042e-02 2.000000000000000111e-01 -5.510217720671089836e+01 4.040870882684358456e+00
2.000000000000000042e-02 2.000000000000000111e-01 -5.565104086448771881e+01 4.260416345795088766e+00
2.000000000000000042e-02 2.000000000000000111e-01 -5.513817651415850918e+01 4.055270605663403138e+00
2.000000000000000042e-02 2.000000000000000111e-01 -6.093998528133469250e+01 6.375994112533876823e+00
2.000000000000000042e-02 2.000000000000000111e-01 -5.651666243864631411e+01 4.606664975458524935e+00
1.000000000000000056e-01 2.000000000000000111e-01 -6.500000000000000000e+01 2.000000000000000000e+00
2.000000000000000042e-02 2.000000000000000111e-01 -5.623380506212436813e+01 4.493522024849746721e+00
2.000000000000000042e-02 2.000000000000000111e-01 -5.623005728315239082e+01 4.492022913260956152e+00
2.000000000000000042e-02 2.000000000000000111e-01 -5.946005316458932555e+01 5.784021265835728620e+00
1.000000000000000056e-01 2.000000000000000111e-01 -6.500000000000000000e+01 2.000000000000000000e+00
2.000000000000000042e-02 2.000000000000000111e-01 -5.609181911844966351e+01 4.436727647379864692e+00
2.000000000000000042e-02 2.000000000000000111e-01 -6.159024856573436324e+01 6.636099426293744941e+00
2.000000000000000042e-02 2.000000000000000111e-01 -5.734048155389889700e+01 4.936192621559559512e+00
2.000000000000000042e-02 2.000000000000000111e-01 -6.066587216886490097e+01 6.266348867545959322e+00
2.000000000000000042e-02 2.000000000000000111e-01 -5.564418777860821308e+01 4.257675111443283811e+00
2.000000000000000042e-02 2.000000000000000111e-01 -6.252034426384554422e+01 7.008137705538217688e+00
1.000000000000000056e-01 2.000000000000000111e-01 -6.500000000000000000e+01 2.000000000000000000e+00
2.000000000000000389e-02 2.500000000000000000e-01 -6.500000000000000000e+01 2.000000000000000000e+00
2.000000000000000042e-02 2.000000000000000111e-01 -6.454509263995815616e+01 7.818037055983261041e+00
2.000000000000000042e-02 2.000000000000000111e-01 -5.859434333991257660e+01 5.437737335965031171e+00
1.000000000000000056e-01 2.000000000000000111e-01 -6.500000000000000000e+01 2.000000000000000000e+00
2.000000000000000042e-02 2.000000000000000111e-01 -5.536839962852847918e+01 4.147359851411392739e+00
2.000000000000000042e-02 2.000000000000000111e-01 -5.774157186147311904e+01 5.096628744589247972e+00
2.000000000000000042e-02 2.000000000000000111e-01 -6.246530798835849652e+01 6.986123195343399317e+00
2.000000000000000042e-02 2.000000000000000111e-01 -5.893549832899962126e+01 5.574199331599848151e+00
2.000000000000000042e-02 2.000000000000000111e-01 -6.387440544296742928e+01 7.549762177186972956e+00
2.000000000000000389e-02 2.500000000000000000e-01 -6.500000000000000000e+01 2.000000000000000000e+00
2.000000000000000042e-02 2.000000000000000111e-01 -5.996515437683674321e+01 5.986061750734696929e+00
2.000000000000000042e-02 2.000000000000000111e-01 -5.805598813598737706e+01 5.222395254394951003e+00
1.000000000000000056e-01 2.000000000000000111e-01 -6.500000000000000000e+01 2.000000000000000000e+00
2.000000000000000042e-02 2.000000000000000111e-01 -5.699067644274430933e+01 4.796270577097723198e+00
2.000000000000000042e-02 2.000000000000000111e-01 -5.604170542297994473e+01 4.416682169191977536e+00
2.000000000000000042e-02 2.000000000000000111e-01 -5.511728492598327023e+01 4.046913970393307913e+00
2.000000000000000042e-02 2.000000000000000111e-01 -5.548460475484731802e+01 4.193841901938926142e+00
2.000000000000000042e-02 2.000000000000000111e-01 -5.500000575880220310e+01 4.000002303520880709e+00
1.000000000000000056e-01 2.000000000000000111e-01 -6.500000000000000000e+01 2.000000000000000000e+00
2.000000000000000042e-02 2.000000000000000111e-01 -5.690362362005583918e+01 4.761449448022337272e+00
2.000000000000000042e-02 2.000000000000000111e-01 -5.518769763436265663e+01 4.075079053745063185e+00
2.000000000000000042e-02 2.000000000000000111e-01 -5.519272973403355564e+01 4.077091893613422613e+00
2.000000000000000042e-02 2.000000000000000111e-01 -5.782494687282787282e+01 5.129978749131150373e+00
2.000000000000000042e-02 2.000000000000000111e-01 -5.824504989133497190e+01 5.298019956533989827e+00
2.000000000000000042e-02 2.000000000000000111e-01 -5.715010440929557944e+01 4.860041763718232488e+00
1.000000000000000056e-01 2.000000000000000111e-01 -6.500000000000000000e+01 2.000000000000000000e+00
2.000000000000000042e-02 2.000000000000000111e-01 -5.511817902123588908e+01 4.047271608494355633e+00
1.000000000000000056e-01 2.000000000000000111e-01 -6.500000000000000000e+01 2.000000000000000000e+00
2.000000000000000042e-02 2.000000000000000111e-01 -6.291685853089422409e+01 7.166743412357689635e+00
2.000000000000000042e-02 2.000000000000000111e-01 -6.085880829240993251e+01 6.343523316963972647e+00
2.000000000000000042e-02 2.000000000000000111e-01 -5.579680893960644283e+01 4.318723575842576601e+00
2.000000000000000042e-02 2.000000000000000111e-01 -5.511512767201788421e+01 4.046051068807154039e+00
2.000000000000000042e-02 2.000000000000000111e-01 -5.520898143573045758e+01 4.083592574292183919e+00
2.000000000000000042e-02 2.000000000000000111e-01 -5.548512100833563920e+01 4.194048403334256214e+00
2.000000000000000042e-02 2.000000000000000111e-01 -5.518767317635772685e+01 4.075069270543089317e+00
2.000000000000000042e-02 2.000000000000000111e-01 -6.414031676243274660e+01 7.656126704973098995e+00
2.000000000000000042e-02 2.000000000000000111e-01 -5.529879326912229942e+01 4.119517307648919768e+00
2.000000000000000042e-02 2.000000000000000111e-01 -5.598134173309943407e+01 4.392536693239772028e+00
2.000000000000000042e-02 2.000000000000000111e-01 -5.982602783441228667e+01 5.930411133764914133e+00
2.000000000000000042e-02 2.000000000000000111e-01 -5.751941375243585242e+01 5.007765500974341144e+00
2.000000000000000042e-02 2.000000000000000111e-01 -5.841252237273730685e+01 5.365008949094923096e+00
2.000000000000000042e-02 2.000000000000000111e-01 -5.684769420677279328e+01 4.739077682709118555e+00
2.000000000000000042e-02 2.000000000000000111e-01 -5.598010786954356632e+01 4.392043147817426885e+00
2.000000000000000042e-02 2.000000000000000111e-01 -5.655880311888162026e+01 4.623521247552647928e+00
1.000000000000000056e-01 2.000000000000000111e-01 -6.500000000000000000e+01 2.000000000000000000e+00
2.000000000000000042e-02 2.000000000000000111e-01 -5.505618637143594185e+01 4.022474548574376918e+00
2.000000000000000042e-02 2.000000000000000111e-01 -5.715151736953917094e+01 4.860606947815668377e+00
2.000000000000000389e-02 2.500000000000000000e-01 -6.500000000000000000e+01 2.000000000000000000e+00
2.000000000000000042e-02 2.000000000000000111e-01 -5.521673154482883206e+01 4.086692617931533711e+00
1.000000000000000056e-01 2.000000000000000111e-01 -6.500000000000000000e+01 2.000000000000000000e+00
2.000000000000000042e-02 2.000000000000000111e-01 -5.779228614204158276e+01 5.116914456816632928e+00
2.000000000000000042e-02 2.000000000000000111e-01 -5.991863081112408906e+01 5.967452324449635803e+00
2.000000000000000042e-02 2.000000000000000111e-01 -5.861369422770463444e+01 5.445477691081852534e+00
2.000000000000000042e-02 2.000000000000000111e-01 -6.438883759478744651e+01 7.755535037914979668e+00
2.000000000000000042e-02 2.000000000000000111e-01 -6.106980047903154230e+01 6.427920191612617629e+00
1.000000000000000056e-01 2.000000000000000111e-01 -6.500000000000000000e+01 2.000000000000000000e+00
2.000000000000000042e-02 2.000000000000000111e-01 -5.648129367979881010e+01 4.592517471919523864e+00
1.000000000000000056e-01 2.000000000000000111e-01 -6.500000000000000000e+01 2.000000000000000000e+00
2.000000000000000042e-02 2.000000000000000111e-01 -6.274963855586273098e+01 7.099855422345092038e+00
2.000000000000000042e-02 2.000000000000000111e-01 -6.420518950244033363e+01 7.682075800976132740e+00
2.000000000000000042e-02 2.000000000000000111e-01 -5.589694118029771630e+01 4.358776472119085810e+00
2.000000000000000042e-02 2.000000000000000111e-01 -5.584389582069386648e+01 4.337558328277546948e+00
2.000000000000000042e-02 2.000000000000000111e-01 -5.826230429512900599e+01 5.304921718051602397e+00
1.000000000000000056e-01 2.000000000000000111e-01 -6.500000000000000000e+01 2.000000000000000000e+00
2.000000000000000389e-02 2.500000000000000000e-01 -6.500000000000000000e+01 2.000000000000000000e+00
2.000000000000000042e-02 2.000000000000000111e-01 -5.934571007723374692e+01 5.738284030893498588e+00
2.000000000000000042e-02 2.000000000000000111e-01 -5.819240751314865889e+01 5.276963005259463380e+00
2.000000000000000042e-02 2.000000000000000111e-01 -5.601268532074998774e+01 4.405074128299993674e+00
2.000000000000000389e-02 2.500000000000000000e-01 -6.500000000000000000e+01 2.000000000000000000e+00
2.000000000000000042e-02 2.000000000000000111e-01 -5.705084564414598702e+01 4.820338257658394632e+00
2.000000000000000042e-02 2.000000000000000111e-01 -5.890164716238710696e+01 5.560658864954842073e+00
2.000000000000000042e-02 2.000000000000000111e-01 -5.759334646012440828e+01 5.037338584049762424e+00
2.000000000000000042e-02 2.000000000000000111e-01 -6.043718118075799595e+01 6.174872472303199800e+00
2.000000000000000042e-02 2.000000000000000111e-01 -5.914915212742252493e+01 5.659660850969008727e+00
2.000000000000000042e-02 2.000000000000000111e-01 -5.506015365840116260e+01 4.024061463360465218e+00
2.000000000000000042e-02 2.000000000000000111e-01 -5.770778881561125218e+01 5.083115526244500693e+00
2.000000000000000042e-02 2.000000000000000111e-01 -5.670362618437800961e+01 4.681450473751204377e+00
2.000000000000000042e-02 2.000000000000000111e-01 -5.511013750270670641e+01 4.044055001082680789e+00
2.000000000000000042e-02 2.000000000000000111e-01 -6.268552944015574013e+01 7.074211776062297119e+00
1.000000000000000056e-01 2.000000000000000111e-01 -6.500000000000000000e+01 2.000000000000000000e+00
2.000000000000000042e-02 2.000000000000000111e-01 -6.171494500572468667e+01 6.685978002289875377e+00
2.000000000000000042e-02 2.000000000000000111e-01 -5.502217388792939090e+01 4.008869555171757249e+00
2.000000000000000042e-02 2.000000000000000111e-01 -5.982165995161213345e+01 5.928663980644854448e+00
2.000000000000000042e-02 2.000000000000000111e-01 -5.519334437692121753e+01 4.077337750768487368e+00
2.000000000000000042e-02 2.000000000000000111e-01 -5.818609048395522620e+01 5.274436193582089594e+00
2.000000000000000042e-02 2.000000000000000111e-01 -5.685172923940378098e+01 4.740691695761512392e+00
1.000000000000000056e-01 2.000000000000000111e-01 -6.500000000000000000e+01 2.000000000000000000e+00
2.000000000000000042e-02 2.000000000000000111e-01 -5.517426126649554874e+01 4.069704506598220028e+00
2.000000000000000042e-02 2.000000000000000111e-01 -6.299630067800472943e+01 7.198520271201892307e+00
2.000000000000000042e-02 2.000000000000000111e-01 -5.792036173585592707e+01 5.168144694342371892e+00
2.000000000000000389e-02 2.500000000000000000e-01 -6.500000000000000000e+01 2.000000000000000000e+00
2.000000000000000042e-02 2.000000000000000111e-01 -6.136775814920656558e+01 6.547103259682625520e+00
2.000000000000000042e-02 2.000000000000000111e-01 -5.996313894710821302e+01 5.985255578843285740e+00
2.000000000000000042e-02 2.000000000000000111e-01 -6.358196313685409962e+01 7.432785254741638425e+00
2.000000000000000042e-02 2.000000000000000111e-01 -6.417468651673652857e+01 7.669874606694614627e+00
2.000000000000000042e-02 2.000000000000000111e-01 -6.199966996824111476e+01 6.799867987296446259e+00
2.000000000000000042e-02 2.000000000000000111e-01 -6.117116026562857201e+01 6.468464106251429868e+00
2.000000000000000042e-02 2.000000000000000111e-01 -5.765375803917369524e+01 5.061503215669478806e+00
2.000000000000000042e-02 2.000000000000000111e-01 -5.717139935594055800e+01 4.868559742376223021e+00
2.000000000000000042e-02 2.000000000000000111e-01 -5.791620258763784079e+01 5.166481035055135784e+00
1.000000000000000056e-01 2.000000000000000111e-01 -6.500000000000000000e+01 2.000000000000000000e+00
1.000000000000000056e-01 2.000000000000000111e-01 -6.500000000000000000e+01 2.000000000000000000e+00
2.000000000000000042e-02 2.000000000000000111e-01 -5.500028433602962963e+01 4.000113734411852029e+00
2.000000000000000042e-02 2.000000000000000111e-01 -6.107049044115622394e+01 6.428196176462490641e+00
2.000000000000000042e-02 2.000000000000000111e-01 -5.571672768063358205e+01 4.286691072253432822e+00
2.000000000000000042e-02 2.000000000000000111e-01 -5.703424565166574212e+01 4.813698260666297912e+00
2.000000000000000042e-02 2.000000000000000111e-01 -5.637150106046496489e+01 4.548600424185987201e+00
2.000000000000000042e-02 2.000000000000000111e-01 -5.519877480122760005e+01 4.079509920491041441e+00
1.000000000000000056e-01 2.000000000000000111e-01 -6.500000000000000000e+01 2.000000000000000000e+00
2.000000000000000042e-02 2.000000000000000111e-01 -5.797133167178463964e+01 5.188532668713856211e+00
2.000000000000000042e-02 2.000000000000000111e-01 -5.589489113667130482e+01 4.357956454668522106e+00
2.000000000000000042e-02 2.000000000000000111e-01 -6.384494766956670730e+01 7.537979067826682034e+00
2.000000000000000042e-02 2.000000000000000111e-01 -5.570094305798229328e+01 4.280377223192918024e+00
2.000000000000000042e-02 2.000000000000000111e-01 -5.925205887660811754e+01 5.700823550643245419e+00
1.000000000000000056e-01 2.000000000000000111e-01 -6.500000000000000000e+01 2.000000000000000000e+00
2.000000000000000042e-02 2.000000000000000111e-01 -5.537129517440234139e+01 4.148518069760936733e+00
2.000000000000000042e-02 2.000000000000000111e-01 -5.517579225260481479e+01 4.070316901041926450e+00
2.000000000000000042e-02 2.000000000000000111e-01 -5.697714650835179384e+01 4.790858603340717892e+00
2.000000000000000042e-02 2.000000000000000111e-01 -5.707209740416291055e+01 4.828838961665164575e+00
2.000000000000000042e-02 2.000000000000000111e-01 -5.913828126701041299e+01 5.655312506804166972e+00
2.000000000000000042e-02 2.000000000000000111e-01 -5.628209539393593985e+01 4.512838157574376119e+00
2.000000000000000042e-02 2.000000000000000111e-01 -5.602217185964330071e+01 4.408868743857321526e+00
2.000000000000000042e-02 2.000000000000000111e-01 -6.005719317812935287e+01 6.022877271251740439e+00
2.000000000000000042e-02 2.000000000000000111e-01 -5.948171216224655211e+01 5.792684864898622443e+00
2.000000000000000042e-02 2.000000000000000111e-01 -6.277345000827682497e+01 7.109380003310729279e+00
1.000000000000000056e-01 2.000000000000000111e-01 -6.500000000000000000e+01 2.000000000000000000e+00
2.000000000000000042e-02 2.000000000000000111e-01 -5.567316177044028080e+01 4.269264708176113032e+00
2.000000000000000042e-02 2.000000000000000111e-01 -5.955017325911737913e+01 5.820069303646952186e+00
2.000000000000000042e-02 2.000000000000000111e-01 -5.545187515328142069e+01 4.180750061312568988e+00
2.000000000000000042e-02 2.000000000000000111e-01 -6.131626186668185596e+01 6.526504746672742385e+00
2.000000000000000042e-02 2.000000000000000111e-01 -5.728622853398194081e+01 4.914491413592776858e+00
2.000000000000000042e-02 2.000000000000000111e-01 -5.505762978169767763e+01 4.023051912679070696e+00
1.000000000000000056e-01 2.000000000000000111e-01 -6.500000000000000000e+01 2.000000000000000000e+00
2.000000000000000389e-02 2.500000000000000000e-01 -6.500000000000000000e+01 2.000000000000000000e+00
2.000000000000000042e-02 2.000000000000000111e-01 -5.745878423550917802e+01 4.983513694203671740e+00
2.000000000000000042e-02 2.000000000000000111e-01 -5.500007669793027532e+01 4.000030679172109416e+00
2.000000000000000042e-02 2.000000000000000111e-01 -6.218990707254663164e+01 6.875962829018652300e+00
2.000000000000000042e-02 2.000000000000000111e-01 -5.501540069019274171e+01 4.006160276077095794e+00
2.000000000000000042e-02 2.000000000000000111e-01 -6.441037146490089071e+01 7.764148585960356286e+00
1.000000000000000056e-01 2.000000000000000111e-01 -6.500000000000000000e+01 2.000000000000000000e+00
2.000000000000000042e-02 2.000000000000000111e-01 -5.738480859399644629e+01 4.953923437598578339e+00
2.000000000000000042e-02 2.000000000000000111e-01 -5.500008721306403459e+01 4.000034885225614012e+00
2.000000000000000042e-02 2.000000000000000111e-01 -5.664531213361840400e+01 4.658124853447362490e+00
2.000000000000000042e-02 2.000000000000000111e-01 -5.531572908202792149e+01 4.126291632811167176e+00
2.000000000000000042e-02 2.000000000000000111e-01 -5.528337475265863077e+01 4.113349901063451775e+00
2.000000000000000389e-02 2.500000000000000000e-01 -6.500000000000000000e+01 2.000000000000000000e+00
1.000000000000000056e-01 2.000000000000000111e-01 -6.500000000000000000e+01 2.000000000000000000e+00
2.000000000000000042e-02 2.000000000000000111e-01 -6.210062400316659392e+01 6.840249601266637391e+00
2.000000000000000042e-02 2.000000000000000111e-01 -5.718299425557164994e+01 4.873197702228658557e+00
2.000000000000000042e-02 2.000000000000000111e-01 -5.500004932538325164e+01 4.000019730153301367e+00
2.000000000000000042e-02 2.000000000000000111e-01 -6.178581388540369090e+01 6.714325554161475473e+00
2.000000000000000042e-02 2.000000000000000111e-01 -5.500550715644477862e+01 4.002202862577911802e+00
2.000000000000000042e-02 2.000000000000000111e-01 -5.536763176459226088e+01 4.147052705836904885e+00
2.000000000000000042e-02 2.000000000000000111e-01 -5.525205922615111831e+01 4.100823690460446258e+00
1.000000000000000056e-01 2.000000000000000111e-01 -6.500000000000000000e+01 2.000000000000000000e+00
2.000000000000000042e-02 2.000000000000000111e-01 -5.721581864219553637e+01 4.886327456878214903e+00
2.000000000000000042e-02 2.000000000000000111e-01 -5.526273050452973479e+01 4.105092201811894270e+00
2.000000000000000042e-02 2.000000000000000111e-01 -5.959829232259260579e+01 5.839316929037043025e+00
2.000000000000000042e-02 2.000000000000000111e-01 -5.881478840984306800e+01 5.525915363937228264e+00
1.000000000000000056e-01 2.000000000000000111e-01 -6.500000000000000000e+01 2.000000000000000000e+00
2.000000000000000042e-02 2.000000000000000111e-01 -5.610202326218828972e+01 4.440809304875315000e+00
2.000000000000000042e-02 2.000000000000000111e-01 -5.912357752964138768e+01 5.649431011856554719e+00
2.000000000000000042e-02 2.000000000000000111e-01 -5.647287906282069514e+01 4.589151625128279122e+00
2.000000000000000042e-02 2.000000000000000111e-01 -5.554795032728739557e+01 4.219180130914958582e+00
2.000000000000000042e-02 2.000000000000000111e-01 -5.518480814002126777e+01 4.073923256008506577e+00
2.000000000000000042e-02 2.000000000000000111e-01 -6.119009315384232650e+01 6.476037261536928824e+00
2.000000000000000042e-02 2.000000000000000111e-01 -6.458276780238298898e+01 7.833107120953195945e+00
1.000000000000000056e-01 2.000000000000000111e-01 -6.500000000000000000e+01 2.000000000000000000e+00
2.000000000000000042e-02 2.000000000000000111e-01 -5.734276891893473049e+01 4.937107567573892020e+00
2.000000000000000042e-02 2.000000000000000111e-01 -5.794142685027468787e+01 5.176570740109873725e+00
2.000000000000000042e-02 2.000000000000000111e-01 -5.901046095604066721e+01 5.604184382416267596e+00
2.000000000000000042e-02 2.000000000000000111e-01 -5.587320671766322278e+01 4.349282687065287867e+00
2.000000000000000042e-02 2.000000000000000111e-01 -5.648432134633768698e+01 4.593728538535074790e+00
2.000000000000000042e-02 2.000000000000000111e-01 -5.547445053621342481e+01 4.189780214485370635e+00
2.000000000000000042e-02 2.000000000000000111e-01 -6.243788865331208626e+01 6.975155461324835215e+00
1.000000000000000056e-01 2.000000000000000111e-01 -6.500000000000000000e+01 2.000000000000000000e+00
2.000000000000000042e-02 2.000000000000000111e-01 -6.082056122566782363e+01 6.328224490267128743e+00
2.000000000000000042e-02 2.000000000000000111e-01 -6.182579037026906121e+01 6.730316148107625907e+00
1.000000000000000056e-01 2.000000000000000111e-01 -6.500000000000000000e+01 2.000000000000000000e+00
2.000000000000000389e-02 2.500000000000000000e-01 -6.500000000000000000e+01 2.000000000000000000e+00
2.000000000000000042e-02 2.000000000000000111e-01 -5.682867370047070210e+01 4.731469480188280841e+00
2.000000000000000042e-02 2.000000000000000111e-01 -5.685446600681870422e+01 4.741786402727481864e+00
1.000000000000000056e-01 2.000000000000000111e-01 -6.500000000000000000e+01 2.000000000000000000e+00
2.000000000000000042e-02 2.000000000000000111e-01 -5.935017659388446987e+01 5.740070637553788657e+00
2.000000000000000042e-02 2.000000000000000111e-01 -5.911673635854842956e+01 5.646694543419370937e+00
2.000000000000000042e-02 2.000000000000000111e-01 -6.032595993413916347e+01 6.130383973655666452e+00
2.000000000000000042e-02 2.000000000000000111e-01 -6.056019719851263261e+01 6.224078879405052334e+00
2.000000000000000389e-02 2.500000000000000000e-01 -6.500000000000000000e+01 2.000000000000000000e+00
2.000000000000000042e-02 2.000000000000000111e-01 -6.123101507261447551e+01 6.492406029045790561e+00
2.000000000000000042e-02 2.000000000000000111e-01 -5.536107026201727166e+01 4.144428104806909374e+00
2.000000000000000042e-02 2.000000000000000111e-01 -5.576618727921584906e+01 4.306474911686339446e+00
2.000000000000000042e-02 2.000000000000000111e-01 -6.295311086889092422e+01 7.181244347556368979e+00
1.000000000000000056e-01 2.000000000000000111e-01 -6.500000000000000000e+01 2.000000000000000000e+00
2.000000000000000042e-02 2.000000000000000111e-01 -5.819308938697111699e+01 5.277235754788446087e+00
2.000000000000000042e-02 2.000000000000000111e-01 -5.505014786611589983e+01 4.020059146446360643e+00
2.000000000000000042e-02 2.000000000000000111e-01 -5.991483547143482724e+01 5.965934188573931429e+00
2.000000000000000042e-02 2.000000000000000111e-01 -5.536797426228589813e+01 4.147189704914360675e+00
1.000000000000000056e-01 2.000000000000000111e-01 -6.500000000000000000e+01 2.000000000000000000e+00
1.000000000000000056e-01 2.000000000000000111e-01 -6.500000000000000000e+01 2.000000000000000000e+00
2.000000000000000042e-02 2.000000000000000111e-01 -5.848489156188931304e+01 5.393956624755725571e+00
2.000000000000000042e-02 2.000000000000000111e-01 -6.002423917669653264e+01 6.009695670678613766e+00
2.000000000000000042e-02 2.000000000000000111e-01 -5.833663753921192807e+01 5.334655015684772295e+00
2.000000000000000042e-02 2.000000000000000111e-01 -5.531050183922916830e+01 4.124200735691668562e+00
2.000000000000000042e-02 2.000000000000000111e-01 -6.059475318803411881e+01 6.237901275213648233e+00
2.000000000000000389e-02 2.500000000000000000e-01 -6.500000000000000000e+01 2.000000000000000000e+00
2.000000000000000042e-02 2.000000000000000111e-01 -5.501140868893622837e+01 4.004563475574490994e+00
2.000000000000000042e-02 2.000000000000000111e-01 -5.889129721960340902e+01 5.556518887841363608e+00
1.000000000000000056e-01 2.000000000000000111e-01 -6.500000000000000000e+01 2.000000000000000000e+00
2.000000000000000042e-02 2.000000000000000111e-01 -5.517500950913845514e+01 4.070003803655382946e+00
2.000000000000000042e-02 2.000000000000000111e-01 -6.252232098360950374e+01 7.008928393443802918e+00
2.000000000000000042e-02 2.000000000000000111e-01 -5.729648617593509385e+01 4.918594470374038963e+00
2.000000000000000042e-02 2.000000000000000111e-01 -6.001331634023974715e+01 6.005326536095898504e+00
1.000000000000000056e-01 2.000000000000000111e-01 -6.500000000000000000e+01 2.000000000000000000e+00
2.000000000000000042e-02 2.000000000000000111e-01 -6.193694898397789217e+01 6.774779593591156335e+00
2.000000000000000042e-02 2.000000000000000111e-01 -5.872999310761880309e+01 5.491997243047521238e+00
2.000000000000000042e-02 2.000000000000000111e-01 -5.694862790589345991e+01 4.779451162357382543e+00
2.000000000000000389e-02 2.500000000000000000e-01 -6.500000000000000000e+01 2.000000000000000000e+00
1.000000000000000056e-01 2.000000000000000111e-01 -6.500000000000000000e+01 2.000000000000000000e+00
2.000000000000000042e-02 2.000000000000000111e-01 -6.474751812819289398e+01 7.899007251277160080e+00
1.000000000000000056e-01 2.000000000000000111e-01 -6.500000000000000000e+01 2.000000000000000000e+00
2.000000000000000042e-02 2.000000000000000111e-01 -5.518016973105498835e+01 4.072067892421995516e+00
2.000000000000000042e-02 2.000000000000000111e-01 -5.566790597186569300e+01 4.267162388746278623e+00
2.000000000000000042e-02 2.000000000000000111e-01 -6.150935094935729808e+01 6.603740379742918165e+00
2.000000000000000042e-02 2.000000000000000111e-01 -6.435419631906384552e+01 7.741678527625539985e+00
2.000000000000000042e-02 2.000000000000000111e-01 -5.714923120920352773e+01 4.859692483681410380e+00
2.000000000000000042e-02 2.000000000000000111e-01 -5.621415974658944492e+01 4.485663898635777080e+00
2.000000000000000389e-02 2.500000000000000000e-01 -6.500000000000000000e+01 2.000000000000000000e+00
2.000000000000000042e-02 2.000000000000000111e-01 -6.073713400481932467e+01 6.294853601927731468e+00
2.000000000000000042e-02 2.000000000000000111e-01 -5.782379136540122744e+01 5.129516546160489909e+00
2.000000000000000042e-02 2.000000000000000111e-01 -5.575279581922838901e+01 4.301118327691354715e+00
2.000000000000000389e-02 2.500000000000000000e-01 -6.500000000000000000e+01 2.000000000000000000e+00
2.000000000000000042e-02 2.000000000000000111e-01 -5.914547608715467675e+01 5.658190434861870344e+00
2.000000000000000042e-02 2.000000000000000111e-01 -5.630562086775774588e+01 4.522248347103099420e+00
2.000000000000000042e-02 2.000000000000000111e-01 -6.047881814033423353e+01 6.191527256133692703e+00
2.000000000000000042e-02 2.000000000000000111e-01 -5.862295286620378221e+01 5.449181146481511639e+00
2.000000000000000042e-02 2.000000000000000111e-01 -5.863051963790050536e+01 5.452207855160201788e+00
2.000000000000000042e-02 2.000000000000000111e-01 -5.908974167754551843e+01 5.635896671018206128e+00
1.000000000000000056e-01 2.000000000000000111e-01 -6.500000000000000000e+01 2.000000000000000000e+00
2.000000000000000042e-02 2.000000000000000111e-01 -5.500708669862397215e+01 4.002834679449587263e+00
2.000000000000000042e-02 2.000000000000000111e-01 -6.184529043329756348e+01 6.738116173319023794e+00
2.000000000000000042e-02 2.000000000000000111e-01 -5.563803269864682477e+01 4.255213079458729730e+00
2.000000000000000042e-02 2.000000000000000111e-01 -5.681947461048369519e+01 4.727789844193479141e+00
2.000000000000000042e-02 2.000000000000000111e-01 -5.541151771266222426e+01 4.164607085064888636e+00
2.000000000000000042e-02 2.000000000000000111e-01 -5.896980153956580040e+01 5.587920615826320159e+00
2.000000000000000389e-02 2.500000000000000000e-01 -6.500000000000000000e+01 2.000000000000000000e+00
1.000000000000000056e-01 2.000000000000000111e-01 -6.500000000000000000e+01 2.000000000000000000e+00
2.000000000000000042e-02 2.000000000000000111e-01 -5.858386267489932209e+01 5.433545069959728302e+00
2.000000000000000042e-02 2.000000000000000111e-01 -5.898816249109547272e+01 5.595264996438189087e+00
2.000000000000000042e-02 2.000000000000000111e-01 -6.406403430000284516e+01 7.625613720001138240e+00
2.000000000000000042e-02 2.000000000000000111e-01 -5.657548211875706556e+01 4.630192847502828002e+00
1.000000000000000056e-01 2.000000000000000111e-01 -6.500000000000000000e+01 2.000000000000000000e+00
2.000000000000000042e-02 2.000000000000000111e-01 -5.500272193614152627e+01 4.001088774456610153e+00
2.000000000000000042e-02 2.000000000000000111e-01 -6.245646378205918836e+01 6.982585512823677121e+00
2.000000000000000042e-02 2.000000000000000111e-01 -5.756691531927111782e+01 5.026766127708447662e+00
2.000000000000000389e-02 2.500000000000000000e-01 -6.500000000000000000e+01 2.000000000000000000e+00
2.000000000000000042e-02 2.000000000000000111e-01 -5.500666976485715765e+01 4.002667905942863591e+00
2.000000000000000389e-02 2.500000000000000000e-01 -6.500000000000000000e+01 2.000000000000000000e+00
1.000000000000000056e-01 2.000000000000000111e-01 -6.500000000000000000e+01 2.000000000000000000e+00
2.000000000000000042e-02 2.000000000000000111e-01 -6.213679290772633834e+01 6.854717163090535692e+00
2.000000000000000042e-02 2.000000000000000111e-01 -5.580420773383863065e+01 4.321683093535451547e+00
2.000000000000000042e-02 2.000000000000000111e-01 -5.746476934432892847e+01 4.985907737731571920e+00
2.000000000000000042e-02 2.000000000000000111e-01 -5.745545664320091817e+01 4.982182657280366911e+00
2.000000000000000042e-02 2.000000000000000111e-01 -6.144977113698953985e+01 6.579908454795815764e+00
2.000000000000000042e-02 2.000000000000000111e-01 -5.807379157037831163e+01 5.229516628151324120e+00
2.000000000000000042e-02 2.000000000000000111e-01 -5.786146436872734000e+01 5.144585747490936889e+00
1.000000000000000056e-01 2.000000000000000111e-01 -6.500000000000000000e+01 2.000000000000000000e+00
2.000000000000000042e-02 2.000000000000000111e-01 -5.500009132680161628e+01 4.000036530720646688e+00
1.000000000000000056e-01 2.000000000000000111e-01 -6.500000000000000000e+01 2.000000000000000000e+00
2.000000000000000042e-02 2.000000000000000111e-01 -5.846337725770253968e+01 5.385350903081016938e+00
2.000000000000000042e-02 2.000000000000000111e-01 -6.044041352728029892e+01 6.176165410912119569e+00
2.000000000000000389e-02 2.500000000000000000e-01 -6.500000000000000000e+01 2.000000000000000000e+00
1.000000000000000056e-01 2.000000000000000111e-01 -6.500000000000000000e+01 2.000000000000000000e+00
2.000000000000000042e-02 2.000000000000000111e-01 -5.506972326084879654e+01 4.027889304339517196e+00
2.000000000000000042e-02 2.000000000000000111e-01 -6.334212905248023873e+01 7.336851620992096201e+00
2.000000000000000042e-02 2.000000000000000111e-01 -6.490788301541314809e+01 7.963153206165257458e+00
2.000000000000000042e-02 2.000000000000000111e-01 -6.104864648797982341e+01 6.419458595191930073e+00
1.000000000000000056e-01 2.000000000000000111e-01 -6.500000000000000000e+01 2.000000000000000000e+00
2.000000000000000042e-02 2.000000000000000111e-01 -5.846759822790336614e+01 5.387039291161347165e+00
2.000000000000000042e-02 2.000000000000000111e-01 -5.936417810394501515e+01 5.745671241578005350e+00
2.000000000000000042e-02 2.000000000000000111e-01 -5.519962281533874915e+01 4.079849126135498771e+00
2.000000000000000042e-02 2.000000000000000111e-01 -5.581586547080048177e+01 4.326346188320194130e+00
1.000000000000000056e-01 2.000000000000000111e-01 -6.500000000000000000e+01 2.000000000000000000e+00
2.000000000000000042e-02 2.000000000000000111e-01 -6.159303730002631738e+01 6.637214920010526598e+00
2.000000000000000389e-02 2.500000000000000000e-01 -6.500000000000000000e+01 2.000000000000000000e+00
2.000000000000000042e-02 2.000000000000000111e-01 -5.528128307694014154e+01 4.112513230776055018e+00
2.000000000000000042e-02 2.000000000000000111e-01 -5.997805367626199313e+01 5.991221470504796365e+00
2.000000000000000389e-02 2.500000000000000000e-01 -6.500000000000000000e+01 2.000000000000000000e+00
2.000000000000000389e-02 2.500000000000000000e-01 -6.500000000000000000e+01 2.000000000000000000e+00
2.000000000000000042e-02 2.000000000000000111e-01 -6.249295387682498415e+01 6.997181550729994370e+00
2.000000000000000042e-02 2.000000000000000111e-01 -5.894558406165180742e+01 5.578233624660723144e+00
2.000000000000000042e-02 2.000000000000000111e-01 -5.768864070367699526e+01 5.075456281470799524e+00
2.000000000000000042e-02 2.000000000000000111e-01 -5.730650544159463777e+01 4.922602176637855820e+00
2.000000000000000042e-02 2.000000000000000111e-01 -5.782038109622568101e+01 5.128152438490273468e+00
2.000000000000000042e-02 2.000000000000000111e-01 -5.524016026339424457e+01 4.096064105357697827e+00
2.000000000000000042e-02 2.000000000000000111e-01 -5.510766073576822777e+01 4.043064294307291640e+00
1.000000000000000056e-01 2.000000000000000111e-01 -6.500000000000000000e+01 2.000000000000000000e+00
2.000000000000000042e-02 2.000000000000000111e-01 -5.504310949196919722e+01 4.017243796787679067e+00
2.000000000000000042e-02 2.000000000000000111e-01 -5.612731324526846066e+01 4.450925298107384798e+00
2.000000000000000042e-02 2.000000000000000111e-01 -5.734871720081211777e+01 4.939486880324847284e+00
2.000000000000000389e-02 2.500000000000000000e-01 -6.500000000000000000e+01 2.000000000000000000e+00
2.000000000000000042e-02 2.000000000000000111e-01 -5.519604520011601068e+01 4.078418080046403382e+00
1.000000000000000056e-01 2.000000000000000111e-01 -6.500000000000000000e+01 2.000000000000000000e+00
1.000000000000000056e-01 2.000000000000000111e-01 -6.500000000000000000e+01 2.000000000000000000e+00
2.000000000000000042e-02 2.000000000000000111e-01 -5.696103476598647575e+01 4.784413906394591187e+00
2.000000000000000042e-02 2.000000000000000111e-01 -6.091102085799182220e+01 6.364408343196729767e+00
2.000000000000000042e-02 2.000000000000000111e-01 -5.807772557628956633e+01 5.231090230515826889e+00
2.000000000000000042e-02 2.000000000000000111e-01 -6.468453060922114162e+01 7.873812243688455226e+00
2.000000000000000042e-02 2.000000000000000111e-01 -5.939961245895641895e+01 5.759844983582566691e+00
2.000000000000000042e-02 2.000000000000000111e-01 -5.996506796469503797e+01 5.986027185878015189e+00
2.000000000000000042e-02 2.000000000000000111e-01 -5.952847650573974647e+01 5.811390602295899654e+00
2.000000000000000042e-02 2.000000000000000111e-01 -5.647182480118550529e+01 4.588729920474203361e+00
2.000000000000000042e-02 2.000000000000000111e-01 -5.504586164237371548e+01 4.018344656949486726e+00
2.000000000000000042e-02 2.000000000000000111e-01 -5.975143207540060786e+01 5.900572830160243143e+00
1.000000000000000056e-01 2.000000000000000111e-01 -6.500000000000000000e+01 2.000000000000000000e+00
2.000000000000000042e-02 2.000000000000000111e-01 -6.471639277411306068e+01 7.886557109645224273e+00
1.000000000000000056e-01 2.000000000000000111e-01 -6.500000000000000000e+01 2.000000000000000000e+00
2.000000000000000042e-02 2.000000000000000111e-01 -5.790288551575117992e+01 5.161154206300470726e+00
2.000000000000000042e-02 2.000000000000000111e-01 -5.554962846201030402e+01 4.219851384804122141e+00
2.000000000000000042e-02 2.000000000000000111e-01 -5.546014303183143568e+01 4.184057212732573916e+00
2.000000000000000042e-02 2.000000000000000111e-01 -5.650558077790323352e+01 4.602232311161293055e+00
1.000000000000000056e-01 2.000000000000000111e-01 -6.500000000000000000e+01 2.000000000000000000e+00
2.000000000000000042e-02 2.000000000000000111e-01 -5.900078154429741772e+01 5.600312617718966379e+00
2.000000000000000042e-02 2.000000000000000111e-01 -5.628661168039712237e+01 4.514644672158849126e+00
1.000000000000000056e-01 2.000000000000000111e-01 -6.500000000000000000e+01 2.000000000000000000e+00
2.000000000000000042e-02 2.000000000000000111e-01 -5.612338297722391900e+01 4.449353190889566712e+00
2.000000000000000042e-02 2.000000000000000111e-01 -5.775692358078170940e+01 5.102769432312683762e+00
2.000000000000000042e-02 2.000000000000000111e-01 -5.514354220972825260e+01 4.057416883891300508e+00
2.000000000000000042e-02 2.000000000000000111e-01 -5.807148095885558803e+01 5.228592383542235211e+00
2.000000000000000042e-02 2.000000000000000111e-01 -6.198713449231589578e+01 6.794853796926359379e+00
2.000000000000000042e-02 2.000000000000000111e-01 -5.609251743828903614e+01 4.437006975315616053e+00
2.000000000000000042e-02 2.000000000000000111e-01 -5.771861187469905730e+01 5.087444749879623807e+00
2.000000000000000042e-02 2.000000000000000111e-01 -5.645182029349950881e+01 4.580728117399803345e+00
2.000000000000000042e-02 2.000000000000000111e-01 -5.797076118620880436e+01 5.188304474483523165e+00
2.000000000000000042e-02 2.000000000000000111e-01 -5.598396971364681463e+01 4.393587885458726916e+00
1.000000000000000056e-01 2.000000000000000111e-01 -6.500000000000000000e+01 2.000000000000000000e+00
2.000000000000000042e-02 2.000000000000000111e-01 -6.304353301925927155e+01 7.217413207703708977e+00
2.000000000000000042e-02 2.000000000000000111e-01 -6.012355810234530651e+01 6.049423240938121893e+00
2.000000000000000042e-02 2.000000000000000111e-01 -5.824578517577683101e+01 5.298314070310733648e+00
2.000000000000000042e-02 2.000000000000000111e-01 -5.749255122477647717e+01 4.997020489910590335e+00
1.000000000000000056e-01 2.000000000000000111e-01 -6.500000000000000000e+01 2.000000000000000000e+00
2.000000000000000042e-02 2.000000000000000111e-01 -5.591932621991738728e+01 4.367730487966954733e+00
2.000000000000000042e-02 2.000000000000000111e-01 -5.534598145595299457e+01 4.138392582381198892e+00
2.000000000000000042e-02 2.000000000000000111e-01 -5.520145490981658298e+01 4.080581963926632305e+00
2.000000000000000042e-02 2.000000000000000111e-01 -6.408877743208115874e+01 7.635510972832461718e+00
2.000000000000000042e-02 2.000000000000000111e-01 -5.600043158661193843e+01 4.400172634644774483e+00
2.000000000000000389e-02 2.500000000000000000e-01 -6.500000000000000000e+01 2.000000000000000000e+00
1.000000000000000056e-01 2.000000000000000111e-01 -6.500000000000000000e+01 2.000000000000000000e+00
2.000000000000000042e-02 2.000000000000000111e-01 -5.602464287287058653e+01 4.409857149148233013e+00
2.000000000000000042e-02 2.000000000000000111e-01 -6.270882108730778981e+01 7.083528434923115569e+00
2.000000000000000042e-02 2.000000000000000111e-01 -5.519030795571534043e+01 4.076123182286136348e+00
2.000000000000000042e-02 2.000000000000000111e-01 -5.698367168392696414e+01 4.793468673570787431e+00
2.000000000000000042e-02 2.000000000000000111e-01 -5.723357095793810601e+01 4.893428383175240981e+00
1.000000000000000056e-01 2.000000000000000111e-01 -6.500000000000000000e+01 2.000000000000000000e+00
2.000000000000000042e-02 2.000000000000000111e-01 -6.141945755879709878e+01 6.567783023518838803e+00
2.000000000000000042e-02 2.000000000000000111e-01 -6.264768951271991426e+01 7.059075805087966060e+00
2.000000000000000042e-02 2.000000000000000111e-01 -6.092863017710617157e+01 6.371452070842468451e+00
2.000000000000000042e-02 2.000000000000000111e-01 -5.505594274848758118e+01 4.022377099395031408e+00
1.000000000000000056e-01 2.000000000000000111e-01 -6.500000000000000000e+01 2.000000000000000000e+00
2.000000000000000042e-02 2.000000000000000111e-01 -5.936503747155740029e+01 5.746014988622959230e+00
2.000000000000000042e-02 2.000000000000000111e-01 -5.559589765585005949e+01 4.238359062340023797e+00
2.000000000000000042e-02 2.000000000000000111e-01 -5.664025781142118632e+01 4.656103124568474527e+00
1.000000000000000056e-01 2.000000000000000111e-01 -6.500000000000000000e+01 2.000000000000000000e+00
2.000000000000000042e-02 2.000000000000000111e-01 -5.504714716808922503e+01 4.018858867235690191e+00
2.000000000000000042e-02 2.000000000000000111e-01 -5.821182040222976894e+01 5.284728160891907223e+00
2.000000000000000042e-02 2.000000000000000111e-01 -5.739137609558009956e+01 4.956550438232038225e+00
2.000000000000000042e-02 2.000000000000000111e-01 -5.622894952205116681e+01 4.491579808820465480e+00
2.000000000000000042e-02 2.000000000000000111e-01 -5.628727073858000551e+01 4.514908295432001673e+00
2.000000000000000042e-02 2.000000000000000111e-01 -6.335498681094732376e+01 7.341994724378931636e+00
2.000000000000000042e-02 2.000000000000000111e-01 -5.502688295520869843e+01 4.010753182083478308e+00
2.000000000000000042e-02 2.000000000000000111e-01 -5.999863653759170745e+01 5.999454615036682981e+00
2.000000000000000042e-02 2.000000000000000111e-01 -5.500403225331806567e+01 4.001612901327225913e+00
2.000000000000000042e-02 2.000000000000000111e-01 -5.560167656132894365e+01 4.240670624531576394e+00
2.000000000000000042e-02 2.000000000000000111e-01 -6.032009663615009032e+01 6.128038654460034707e+00
2.000000000000000042e-02 2.000000000000000111e-01 -5.628298248460122721e+01 4.513192993840492662e+00
2.000000000000000042e-02 2.000000000000000111e-01 -6.323389539744032817e+01 7.293558158976132688e+00
1.000000000000000056e-01 2.000000000000000111e-01 -6.500000000000000000e+01 2.000000000000000000e+00
1.000000000000000056e-01 2.000000000000000111e-01 -6.500000000000000000e+01 2.000000000000000000e+00
2.000000000000000042e-02 2.000000000000000111e-01 -5.753665670531265164e+01 5.014662682125061721e+00
2.000000000000000042e-02 2.000000000000000111e-01 -5.859487133051391794e+01 5.437948532205567176e+00
2.000000000000000042e-02 2.000000000000000111e-01 -6.089072648989621683e+01 6.356290595958485667e+00
2.000000000000000042e-02 2.000000000000000111e-01 -5.523443972076091057e+01 4.093775888304365118e+00
1.000000000000000056e-01 2.000000000000000111e-01 -6.500000000000000000e+01 2.000000000000000000e+00
2.000000000000000389e-02 2.500000000000000000e-01 -6.500000000000000000e+01 2.000000000000000000e+00
2.000000000000000042e-02 2.000000000000000111e-01 -5.664212012831632137e+01 4.656848051326529792e+00
2.000000000000000389e-02 2.500000000000000000e-01 -6.500000000000000000e+01 2.000000000000000000e+00
2.000000000000000042e-02 2.000000000000000111e-01 -5.541051153938547458e+01 4.164204615754190542e+00
2.000000000000000042e-02 2.000000000000000111e-01 -5.578427382129718382e+01 4.313709528518874237e+00
2.000000000000000042e-02 2.000000000000000111e-01 -5.500092438432902497e+01 4.000369753731608746e+00
1.000000000000000056e-01 2.000000000000000111e-01 -6.500000000000000000e+01 2.000000000000000000e+00
2.000000000000000042e-02 2.000000000000000111e-01 -5.680148042390682406e+01 4.720592169562729978e+00
2.000000000000000042e-02 2.000000000000000111e-01 -5.875243820009165319e+01 5.500975280036660919e+00
2.000000000000000042e-02 2.000000000000000111e-01 -5.745879104486402156e+01 4.983516417945608623e+00
2.000000000000000042e-02 2.000000000000000111e-01 -5.528486844289978563e+01 4.113947377159913543e+00
2.000000000000000042e-02 2.000000000000000111e-01 -5.506052351735993255e+01 4.024209406943974443e+00
2.000000000000000042e-02 2.000000000000000111e-01 -5.981098822175109575e+01 5.924395288700439188e+00
2.000000000000000042e-02 2.000000000000000111e-01 -6.454877550179108425e+01 7.819510200716434767e+00
2.000000000000000042e-02 2.000000000000000111e-01 -5.518540925536596120e+01 4.074163702146385013e+00
2.000000000000000042e-02 2.000000000000000111e-01 -5.770873019278533889e+01 5.083492077114135199e+00
2.000000000000000042e-02 2.000000000000000111e-01 -5.929343929200570074e+01 5.717375716802280294e+00
2.000000000000000042e-02 2.000000000000000111e-01 -5.804186716047631478e+01 5.216746864190527688e+00
1.000000000000000056e-01 2.000000000000000111e-01 -6.500000000000000000e+01 2.000000000000000000e+00
2.000000000000000042e-02 2.000000000000000111e-01 -5.703696565075247094e+01 4.814786260300987664e+00
2.000000000000000042e-02 2.000000000000000111e-01 -5.638220774833329330e+01 4.552883099333316252e+00
2.000000000000000042e-02 2.000000000000000111e-01 -6.083173040887614746e+01 6.332692163550460052e+00
1.000000000000000056e-01 2.000000000000000111e-01 -6.500000000000000000e+01 2.000000000000000000e+00
2.000000000000000042e-02 2.000000000000000111e-01 -6.095198653640272823e+01 6.380794614561089872e+00
1.000000000000000056e-01 2.000000000000000111e-01 -6.500000000000000000e+01 2.000000000000000000e+00
2.000000000000000042e-02 2.000000000000000111e-01 -5.922112711010163366e+01 5.688450844040653820e+00
2.000000000000000042e-02 2.000000000000000111e-01 -6.075903434520807878e+01 6.303613738083232221e+00
2.000000000000000042e-02 2.000000000000000111e-01 -5.907845214275837264e+01 5.631380857103348347e+00
2.000000000000000042e-02 2.000000000000000111e-01 -5.900335865089594733e+01 5.601343460358378934e+00
2.000000000000000042e-02 2.000000000000000111e-01 -5.683665383417603323e+01 4.734661533670414535e+00
2.000000000000000042e-02 2.000000000000000111e-01 -5.942161108266671476e+01 5.768644433066685728e+00
2.000000000000000042e-02 2.000000000000000111e-01 -5.728113844311791780e+01 4.912455377247168187e+00
2.000000000000000042e-02 2.000000000000000111e-01 -5.829221101508277059e+01 5.316884406033108412e+00
1.000000000000000056e-01 2.000000000000000111e-01 -6.500000000000000000e+01 2.000000000000000000e+00
2.000000000000000042e-02 2.000000000000000111e-01 -5.875786312326135885e+01 5.503145249304544961e+00
2.000000000000000042e-02 2.000000000000000111e-01 -5.557047167311808522e+01 4.228188669247233911e+00
2.000000000000000042e-02 2.000000000000000111e-01 -5.739425443195809606e+01 4.957701772783237537e+00
1.000000000000000056e-01 2.000000000000000111e-01 -6.500000000000000000e+01 2.000000000000000000e+00
1.000000000000000056e-01 2.000000000000000111e-01 -6.500000000000000000e+01 2.000000000000000000e+00
2.000000000000000042e-02 2.000000000000000111e-01 -5.511162907234766806e+01 4.044651628939067933e+00
2.000000000000000042e-02 2.000000000000000111e-01 -5.508252044387145929e+01 4.033008177548585316e+00
2.000000000000000042e-02 2.000000000000000111e-01 -6.130398920862603518e+01 6.521595683450415848e+00
2.000000000000000042e-02 2.000000000000000111e-01 -6.163067672135095876e+01 6.652270688540384391e+00
2.000000000000000042e-02 2.000000000000000111e-01 -5.853542329759781637e+01 5.414169319039125128e+00
2.000000000000000042e-02 2.000000000000000111e-01 -5.913813553889254848e+01 5.655254215557019570e+00
2.000000000000000042e-02 2.000000000000000111e-01 -5.502156890222199337e+01 4.008627560888796459e+00
2.000000000000000042e-02 2.000000000000000111e-01 -5.634662503796667465e+01 4.538650015186670217e+00
2.000000000000000042e-02 2.000000000000000111e-01 -5.625664452203068322e+01 4.502657808812272400e+00
1.000000000000000056e-01 2.000000000000000111e-01 -6.500000000000000000e+01 2.000000000000000000e+00
2.000000000000000042e-02 2.000000000000000111e-01 -5.607714728933139270e+01 4.430858915732557080e+00
2.000000000000000042e-02 2.000000000000000111e-01 -5.596027089372037722e+01 4.384108357488150531e+00
2.000000000000000042e-02 2.000000000000000111e-01 -5.627771604710208209e+01 4.511086418840832835e+00
2.000000000000000042e-02 2.000000000000000111e-01 -5.535345833602496413e+01 4.141383334409985295e+00
2.000000000000000042e-02 2.000000000000000111e-01 -5.517289313561620645e+01 4.069157254246483113e+00
2.000000000000000042e-02 2.000000000000000111e-01 -5.662552171092321629e+01 4.650208684369286694e+00
1.000000000000000056e-01 2.000000000000000111e-01 -6.500000000000000000e+01 2.000000000000000000e+00
2.000000000000000042e-02 2.000000000000000111e-01 -6.202049409511664635e+01 6.808197638046657119e+00
2.000000000000000389e-02 2.500000000000000000e-01 -6.500000000000000000e+01 2.000000000000000000e+00
2.000000000000000042e-02 2.000000000000000111e-01 -5.502400343715776643e+01 4.009601374863106749e+00
2.000000000000000042e-02 2.000000000000000111e-01 -5.509608114708283466e+01 4.038432458833132621e+00
2.000000000000000042e-02 2.000000000000000111e-01 -6.346966907256840784e+01 7.387867629027364380e+00
2.000000000000000042e-02 2.000000000000000111e-01 -5.603405902022532814e+01 4.413623608090130546e+00
2.000000000000000042e-02 2.000000000000000111e-01 -5.811550953969520350e+01 5.246203815878082821e+00
1.000000000000000056e-01 2.000000000000000111e-01 -6.500000000000000000e+01 2.000000000000000000e+00
1.000000000000000056e-01 2.000000000000000111e-01 -6.500000000000000000e+01 2.000000000000000000e+00
2.000000000000000042e-02 2.000000000000000111e-01 -5.895210441684181291e+01 5.580841766736725162e+00
2.000000000000000042e-02 2.000000000000000111e-01 -6.405238784713813516e+01 7.620955138855251221e+00
1.000000000000000056e-01 2.000000000000000111e-01 -6.500000000000000000e+01 2.000000000000000000e+00
1.000000000000000056e-01 2.000000000000000111e-01 -6.500000000000000000e+01 2.000000000000000000e+00
2.000000000000000042e-02 2.000000000000000111e-01 -5.874192943145234835e+01 5.496771772580938631e+00
1.000000000000000056e-01 2.000000000000000111e-01 -6.500000000000000000e+01 2.000000000000000000e+00
2.000000000000000042e-02 2.000000000000000111e-01 -6.006060860934407231e+01 6.024243443737629988e+00
2.000000000000000042e-02 2.000000000000000111e-01 -5.512615773165744315e+01 4.050463092662977438e+00
2.000000000000000042e-02 2.000000000000000111e-01 -5.973638736044949837e+01 5.894554944179798639e+00
2.000000000000000042e-02 2.000000000000000111e-01 -5.713591427838716186e+01 4.854365711354863500e+00
2.000000000000000042e-02 2.000000000000000111e-01 -5.818420901257315592e+01 5.273683605029262367e+00
2.000000000000000042e-02 2.000000000000000111e-01 -6.399401288741861293e+01 7.597605154967445706e+00
2.000000000000000042e-02 2.000000000000000111e-01 -6.025450841553814030e+01 6.101803366215255764e+00
2.000000000000000042e-02 2.000000000000000111e-01 -5.694603544459967992e+01 4.778414177839871435e+00
2.000000000000000042e-02 2.000000000000000111e-01 -5.668062880013152949e+01 4.672251520052610907e+00
2.000000000000000042e-02 2.000000000000000111e-01 -5.513320229152039076e+01 4.053280916608157369e+00
2.000000000000000042e-02 2.000000000000000111e-01 -5.672348594331531757e+01 4.689394377326126850e+00
2.000000000000000042e-02 2.000000000000000111e-01 -5.615988661957972994e+01 4.463954647831892331e+00
2.000000000000000042e-02 2.000000000000000111e-01 -5.512660195412640718e+01 4.050640781650562516e+00
2.000000000000000042e-02 2.000000000000000111e-01 -5.612664633210599163e+01 4.450658532842396653e+00
2.000000000000000042e-02 2.000000000000000111e-01 -5.668483321843917366e+01 4.673933287375668932e+00
2.000000000000000042e-02 2.000000000000000111e-01 -6.359920445906773523e+01 7.439681783627093203e+00
2.000000000000000042e-02 2.000000000000000111e-01 -5.502640117732582326e+01 4.010560470930328414e+00
2.000000000000000042e-02 2.000000000000000111e-01 -5.586269813329390388e+01 4.345079253317562618e+00
2.000000000000000042e-02 2.000000000000000111e-01 -5.529745342027067068e+01 4.118981368108269869e+00
2.000000000000000042e-02 2.000000000000000111e-01 -5.611545076432391710e+01 4.446180305729567017e+00
2.000000000000000042e-02 2.000000000000000111e-01 -5.530715046639031840e+01 4.122860186556127182e+00
2.000000000000000042e-02 2.000000000000000111e-01 -5.729139092164138702e+01 4.916556368656554987e+00
2.000000000000000042e-02 2.000000000000000111e-01 -5.774365921850434802e+01 5.097463687401737609e+00
1.000000000000000056e-01 2.000000000000000111e-01 -6.500000000000000000e+01 2.000000000000000000e+00
2.000000000000000042e-02 2.000000000000000111e-01 -6.377220391033496583e+01 7.508881564133986330e+00
2.000000000000000042e-02 2.000000000000000111e-01 -5.658000631337932163e+01 4.632002525351727407e+00
2.000000000000000042e-02 2.000000000000000111e-01 -5.578146257747707182e+01 4.312585030990829793e+00
1.000000000000000056e-01 2.000000000000000111e-01 -6.500000000000000000e+01 2.000000000000000000e+00
2.000000000000000042e-02 2.000000000000000111e-01 -6.275667574939879501e+01 7.102670299759519246e+00
2.000000000000000042e-02 2.000000000000000111e-01 -6.055386444072613017e+01 6.221545776290451357e+00
2.000000000000000042e-02 2.000000000000000111e-01 -5.819949515538230145e+01 5.279798062152921467e+00
2.000000000000000042e-02 2.000000000000000111e-01 -6.378279859097401783e+01 7.513119436389606776e+00
2.000000000000000042e-02 2.000000000000000111e-01 -5.518743153887696451e+01 4.074972615550785271e+00
2.000000000000000042e-02 2.000000000000000111e-01 -6.368790365920930441e+01 7.475161463683722474e+00
2.000000000000000042e-02 2.000000000000000111e-01 -5.544292379869551723e+01 4.177169519478207249e+00
2.000000000000000042e-02 2.000000000000000111e-01 -6.221682251990147705e+01 6.886729007960591176e+00
2.000000000000000042e-02 2.000000000000000111e-01 -6.342116642035468033e+01 7.368466568141871065e+00
2.000000000000000042e-02 2.000000000000000111e-01 -5.586876190522349361e+01 4.347504762089397623e+00
2.000000000000000042e-02 2.000000000000000111e-01 -5.749199104781254022e+01 4.996796419125014488e+00
2.000000000000000042e-02 2.000000000000000111e-01 -5.923475303130553016e+01 5.693901212522212596e+00
2.000000000000000389e-02 2.500000000000000000e-01 -6.500000000000000000e+01 2.000000000000000000e+00
2.000000000000000042e-02 2.000000000000000111e-01 -5.853187617340685733e+01 5.412750469362744177e+00
2.000000000000000042e-02 2.000000000000000111e-01 -5.524288692434183190e+01 4.097154769736731872e+00
2.000000000000000042e-02 2.000000000000000111e-01 -6.401617595163033059e+01 7.606470380652130103e+00
2.000000000000000042e-02 2.000000000000000111e-01 -5.610909740965266934e+01 4.443638963861067381e+00
2.000000000000000042e-02 2.000000000000000111e-01 -5.619784182598677091e+01 4.479136730394708721e+00
1.000000000000000056e-01 2.000000000000000111e-01 -6.500000000000000000e+01 2.000000000000000000e+00
2.000000000000000042e-02 2.000000000000000111e-01 -6.382897616933133378e+01 7.531590467732534044e+00
1.000000000000000056e-01 2.000000000000000111e-01 -6.500000000000000000e+01 2.000000000000000000e+00
2.000000000000000042e-02 2.000000000000000111e-01 -6.338670230347462109e+01 7.354680921389848081e+00
1.000000000000000056e-01 2.000000000000000111e-01 -6.500000000000000000e+01 2.000000000000000000e+00
2.000000000000000042e-02 2.000000000000000111e-01 -5.508746326151870676e+01 4.034985304607481282e+00
2.000000000000000042e-02 2.000000000000000111e-01 -6.073585852249725292e+01 6.294343408998900991e+00
2.000000000000000042e-02 2.000000000000000111e-01 -5.888273022537726575e+01 5.553092090150906657e+00
2.000000000000000042e-02 2.000000000000000111e-01 -5.810392279719624042e+01 5.241569118878496525e+00
2.000000000000000042e-02 2.000000000000000111e-01 -5.810106179856025932e+01 5.240424719424103372e+00
1.000000000000000056e-01 2.000000000000000111e-01 -6.500000000000000000e+01 2.000000000000000000e+00
2.000000000000000042e-02 2.000000000000000111e-01 -5.507858279623487618e+01 4.031433118493950474e+00
1.000000000000000056e-01 2.000000000000000111e-01 -6.500000000000000000e+01 2.000000000000000000e+00
2.000000000000000042e-02 2.000000000000000111e-01 -5.501787719408264365e+01 4.007150877633058883e+00
2.000000000000000042e-02 2.000000000000000111e-01 -5.702460553303325952e+01 4.809842213213304518e+00
2.000000000000000042e-02 2.000000000000000111e-01 -5.515189006751690926e+01 4.060756027006765301e+00
2.000000000000000042e-02 2.000000000000000111e-01 -5.536973962467611443e+01 4.147895849870446128e+00
2.000000000000000042e-02 2.000000000000000111e-01 -5.862197040092467404e+01 5.448788160369868905e+00
2.000000000000000042e-02 2.000000000000000111e-01 -5.808818476713695844e+01 5.235273906854783554e+00
2.000000000000000042e-02 2.000000000000000111e-01 -6.275579054620160235e+01 7.102316218480641652e+00
2.000000000000000042e-02 2.000000000000000111e-01 -5.887021299653054029e+01 5.548085198612215940e+00
2.000000000000000042e-02 2.000000000000000111e-01 -5.986863142503307955e+01 5.947452570013231465e+00
2.000000000000000042e-02 2.000000000000000111e-01 -6.382208077187473094e+01 7.528832308749890956e+00
2.000000000000000389e-02 2.500000000000000000e-01 -6.500000000000000000e+01 2.000000000000000000e+00
2.000000000000000042e-02 2.000000000000000111e-01 -6.084405028003190807e+01 6.337620112012763762e+00
2.000000000000000389e-02 2.500000000000000000e-01 -6.500000000000000000e+01 2.000000000000000000e+00
2.000000000000000042e-02 2.000000000000000111e-01 -6.379544953055816592e+01 7.518179812223265479e+00
2.000000000000000042e-02 2.000000000000000111e-01 -5.563638361085688189e+01 4.254553444342752400e+00
2.000000000000000042e-02 2.000000000000000111e-01 -5.608601676811719727e+01 4.434406707246879797e+00
2.000000000000000042e-02 2.000000000000000111e-01 -5.805326370027577099e+01 5.221305480110307151e+00
2.000000000000000042e-02 2.000000000000000111e-01 -5.535319198608012670e+01 4.141276794432051211e+00
1.000000000000000056e-01 2.000000000000000111e-01 -6.500000000000000000e+01 2.000000000000000000e+00
2.000000000000000042e-02 2.000000000000000111e-01 -6.377677407145806399e+01 7.510709628583224884e+00
2.000000000000000042e-02 2.000000000000000111e-01 -5.574239924997649354e+01 4.296959699990598125e+00
1.000000000000000056e-01 2.000000000000000111e-01 -6.500000000000000000e+01 2.000000000000000000e+00
1.000000000000000056e-01 2.000000000000000111e-01 -6.500000000000000000e+01 2.000000000000000000e+00
2.000000000000000042e-02 2.000000000000000111e-01 -6.413489448762302914e+01 7.653957795049208812e+00
2.000000000000000042e-02 2.000000000000000111e-01 -5.523220423641697607e+01 4.092881694566790962e+00
2.000000000000000042e-02 2.000000000000000111e-01 -5.887599540708218626e+01 5.550398162832875570e+00
2.000000000000000042e-02 2.000000000000000111e-01 -6.024873256922538900e+01 6.099493027690154889e+00
1.000000000000000056e-01 2.000000000000000111e-01 -6.500000000000000000e+01 2.000000000000000000e+00
2.000000000000000042e-02 2.000000000000000111e-01 -5.843205352164518729e+01 5.372821408658074560e+00
2.000000000000000389e-02 2.500000000000000000e-01 -6.500000000000000000e+01 2.000000000000000000e+00
2.000000000000000389e-02 2.500000000000000000e-01 -6.500000000000000000e+01 2.000000000000000000e+00
2.000000000000000042e-02 2.000000000000000111e-01 -5.741848710515525767e+01 4.967394842062103244e+00
